ALTER SEQUENCE lecciones_leccion_id_seq RESTART;
INSERT INTO lecciones_leccion (nombre)
VALUES
 ('Introducción e Historia'),
 ('El Perceptrón Simple'),
 ('El Perceptrón Multicapa'),
 ('Redes Neuronales Recurrentes'),
 ('Redes de Creencia Profunda'),
 ('Redes Generativas Antagónicas')
 
ALTER SEQUENCE lecciones_tema_id_seq RESTART;
INSERT INTO lecciones_tema (nombre,leccion_id)
VALUES
 ('Introducción', (SELECT id from lecciones_leccion where nombre='Introducción e Historia')),
 ('Historia', (SELECT id from lecciones_leccion where nombre='Introducción e Historia')),
 ('Tipos de Redes', (SELECT id from lecciones_leccion where nombre='Introducción e Historia')),
 ('Definición y Limitaciones', (SELECT id from lecciones_leccion where nombre='El Perceptrón Simple')),
 ('Entrenamiento', (SELECT id from lecciones_leccion where nombre='El Perceptrón Simple')),
 ('Definición y Limitaciones', (SELECT id from lecciones_leccion where nombre='El Perceptrón Multicapa')),
 ('Diseño y Propagación de las entradas', (SELECT id from lecciones_leccion where nombre='El Perceptrón Multicapa')),
 ('Entrenamiento y Early Stopping', (SELECT id from lecciones_leccion where nombre='El Perceptrón Multicapa')),
 ('Definición', (SELECT id from lecciones_leccion where nombre='Redes Neuronales Recurrentes')),
 ('Entrenamiento y LSTM', (SELECT id from lecciones_leccion where nombre='Redes Neuronales Recurrentes')),
 ('Máquina de Boltzmann Restringida', (SELECT id from lecciones_leccion where nombre='Redes de Creencia Profunda')),
 ('Divergencia Contrastiva', (SELECT id from lecciones_leccion where nombre='Redes de Creencia Profunda')),
 ('Definición y Entrenamiento', (SELECT id from lecciones_leccion where nombre='Redes de Creencia Profunda')),
 ('Definición', (SELECT id from lecciones_leccion where nombre='Redes Generativas Antagónicas')),
 ('Entrenamiento y Limitaciones', (SELECT id from lecciones_leccion where nombre='Redes Generativas Antagónicas')),
 ('Usos', (SELECT id from lecciones_leccion where nombre='Redes Generativas Antagónicas'))
 
ALTER SEQUENCE lecciones_infotema_id_seq RESTART; 
INSERT INTO public.lecciones_infotema(tema_id, presentacion, podcast, codigo)
VALUES
((SELECT id from lecciones_tema where nombre='Introducción'), True, True, False),
((SELECT id from lecciones_tema where nombre='Historia'),  True,  True,  False),
((SELECT id from lecciones_tema where nombre='Tipos de Redes'),  True,  True, False),
((SELECT id from lecciones_tema where nombre='Definición y Limitaciones'AND leccion_id=2),  True,  True, False),
((SELECT id from lecciones_tema where nombre='Entrenamiento'),  True,  True, True),
((SELECT id from lecciones_tema where nombre='Definición y Limitaciones' AND leccion_id=3),  True,  True, False),
((SELECT id from lecciones_tema where nombre='Diseño y Propagación de las entradas'),  True,  True, False),
((SELECT id from lecciones_tema where nombre='Entrenamiento y Early Stopping'),  True,  True, True),
((SELECT id from lecciones_tema where nombre='Definición' AND leccion_id=4),  True,  True, False),
((SELECT id from lecciones_tema where nombre='Entrenamiento y LSTM'),  True,  True, True),
((SELECT id from lecciones_tema where nombre='Máquina de Boltzmann Restringida'),  True,  True, False),
((SELECT id from lecciones_tema where nombre='Divergencia Contrastiva'),  True,  True, False),
((SELECT id from lecciones_tema where nombre='Definición y Entrenamiento'),  True,  True, True),
((SELECT id from lecciones_tema where nombre='Definición' AND leccion_id=6),  True,  True, False),
((SELECT id from lecciones_tema where nombre='Entrenamiento y Limitaciones'),  True,  True, True),
((SELECT id from lecciones_tema where nombre='Usos'),  True,  True, False)

ALTER SEQUENCE evaluaciones_prueba_id_seq RESTART; 
INSERT INTO public.evaluaciones_prueba(leccion_id)
VALUES
((SELECT id from lecciones_leccion where nombre='Introducción e Historia')),
((SELECT id from lecciones_leccion where nombre='El Perceptrón Simple')),
((SELECT id from lecciones_leccion where nombre='El Perceptrón Multicapa')),
((SELECT id from lecciones_leccion where nombre='Redes Neuronales Recurrentes')),
((SELECT id from lecciones_leccion where nombre='Redes de Creencia Profunda')),
((SELECT id from lecciones_leccion where nombre='Redes Generativas Antagónicas'))

ALTER SEQUENCE evaluaciones_quiz_id_seq RESTART; 
INSERT INTO public.evaluaciones_quiz(tema_id)
VALUES
((SELECT id from lecciones_tema where nombre='Introducción')),
((SELECT id from lecciones_tema where nombre='Historia')),
((SELECT id from lecciones_tema where nombre='Tipos de Redes')),
((SELECT id from lecciones_tema where nombre='Definición y Limitaciones' AND leccion_id=2)),
((SELECT id from lecciones_tema where nombre='Entrenamiento')),
((SELECT id from lecciones_tema where nombre='Definición y Limitaciones' AND leccion_id=3)),
((SELECT id from lecciones_tema where nombre='Diseño y Propagación de las entradas')),
((SELECT id from lecciones_tema where nombre='Entrenamiento y Early Stopping')),
((SELECT id from lecciones_tema where nombre='Definición' AND leccion_id=4)),
((SELECT id from lecciones_tema where nombre='Entrenamiento y LSTM')),
((SELECT id from lecciones_tema where nombre='Máquina de Boltzmann Restringida')),
((SELECT id from lecciones_tema where nombre='Divergencia Contrastiva')),
((SELECT id from lecciones_tema where nombre='Definición y Entrenamiento')),
((SELECT id from lecciones_tema where nombre='Definición' AND leccion_id=6)),
((SELECT id from lecciones_tema where nombre='Entrenamiento y Limitaciones')),
((SELECT id from lecciones_tema where nombre='Usos'))

ALTER SEQUENCE lecciones_link_id_seq RESTART; 
INSERT INTO public.lecciones_link(presentacion, presentaciond, podcast, codigo, tema_id)
VALUES
('//www.slideshare.net/slideshow/embed_code/key/iG6RDTv0IRIFRo','/presentaciones/Presentacion1.pdf','podcasts/Introducción.mp3',Null,
(SELECT id from lecciones_tema where nombre='Introducción')),
('//www.slideshare.net/slideshow/embed_code/key/bhCVX1JbFJh9dJ','/presentaciones/Presentacion2.pdf','podcasts/Historia.mp3',Null,
(SELECT id from lecciones_tema where nombre='Historia')),
('//www.slideshare.net/slideshow/embed_code/key/r0awxqGENoumqJ','/presentaciones/Presentacion3.pdf','podcasts/Tipos de Redes.mp3',Null,
(SELECT id from lecciones_tema where nombre='Tipos de Redes')),
('//www.slideshare.net/slideshow/embed_code/key/gg1jYOVPa195Iw','/presentaciones/Presentacion4.pdf','podcasts/Definición y Limitaciones(PS).mp3',Null,
(SELECT id from lecciones_tema where nombre='Definición y Limitaciones' AND leccion_id=2)),
('//www.slideshare.net/slideshow/embed_code/key/HoV2jCH8J16aTd','/presentaciones/Presentacion5.pdf','podcasts/Entrenamiento.mp3',Null,
(SELECT id from lecciones_tema where nombre='Entrenamiento')),
('//www.slideshare.net/slideshow/embed_code/key/Hd5Ar17KRV75pC','/presentaciones/Presentacion6.pdf','podcasts/Definición y Limitaciones(PM).mp3',Null,
(SELECT id from lecciones_tema where nombre='Definición y Limitaciones' AND leccion_id=3)),
('//www.slideshare.net/slideshow/embed_code/key/qz1ZhibfvijyGX','/presentaciones/Presentacion7.pdf','podcasts/Diseño y Propagación.mp3',Null,
(SELECT id from lecciones_tema where nombre='Diseño y Propagación de las entradas')),
('//www.slideshare.net/slideshow/embed_code/key/z9TJHpT9ylY2rx','/presentaciones/Presentacion8.pdf','podcasts/Entrenamiento y Early Stopping.mp3',Null,
(SELECT id from lecciones_tema where nombre='Entrenamiento y Early Stopping')),
('//www.slideshare.net/slideshow/embed_code/key/Drv7dgFyNhctMO','/presentaciones/Presentacion9.pdf','podcasts/Definición(RNR).mp3',Null,
(SELECT id from lecciones_tema where nombre='Definición' AND leccion_id=4)),
('//www.slideshare.net/slideshow/embed_code/key/zM80GmZshdeekR','/presentaciones/Presentacion10.pdf','podcasts/Entrenamiento y LSTM.mp3',Null,
(SELECT id from lecciones_tema where nombre='Entrenamiento y LSTM')),
('//www.slideshare.net/slideshow/embed_code/key/g4TcFohKWsMWw8','/presentaciones/Presentacion11.pdf','podcasts/Máquina de Boltzmann Restringida.mp3',Null,
(SELECT id from lecciones_tema where nombre='Máquina de Boltzmann Restringida')),
('//www.slideshare.net/slideshow/embed_code/key/9hNox8fiSen1MD','/presentaciones/Presentacion12.pdf','podcasts/Divergencia Contrastiva.mp3',Null,
(SELECT id from lecciones_tema where nombre='Divergencia Contrastiva')),
('//www.slideshare.net/slideshow/embed_code/key/fkBoEY6VUss3I','/presentaciones/Presentacion13.pdf','podcasts/Definición y Entrenamiento.mp3',Null,
(SELECT id from lecciones_tema where nombre='Definición y Entrenamiento')),
('//www.slideshare.net/slideshow/embed_code/key/yBijxw4Ql2qIPy','/presentaciones/Presentacion14.pdf','podcasts/Definición(RGA).mp3',Null,
(SELECT id from lecciones_tema where nombre='Definición' AND leccion_id=6)),
('//www.slideshare.net/slideshow/embed_code/key/FYzXiJtcu509Qq','/presentaciones/Presentacion15.pdf','podcasts/Entrenamiento y Limitaciones.mp3',Null,
(SELECT id from lecciones_tema where nombre='Entrenamiento y Limitaciones')),
('//www.slideshare.net/slideshow/embed_code/key/xVVLV4MVusMdpL','/presentaciones/Presentacion16.pdf','podcasts/Usos.mp3',Null,
(SELECT id from lecciones_tema where nombre='Usos'))

ALTER SEQUENCE evaluaciones_pregunta_id_seq RESTART; 
INSERT INTO public.evaluaciones_pregunta(contenido, prueba_id, quiz_id)
VALUES
('¿Las redes neuronales conforman el elemento principal de cuál tecnología?',
 (SELECT id from evaluaciones_prueba where leccion_id = (SELECT id from lecciones_leccion where nombre='Introducción e Historia')),
 (SELECT id from evaluaciones_quiz where tema_id = (SELECT id from lecciones_tema where nombre='Introducción'))),
('¿Cuál es el objetivo final de la Inteligencia Artificial? ',
 (SELECT id from evaluaciones_prueba where leccion_id = (SELECT id from lecciones_leccion where nombre='Introducción e Historia')),
 (SELECT id from evaluaciones_quiz where tema_id = (SELECT id from lecciones_tema where nombre='Introducción'))),
('¿Es posible que, en un futuro, las maquinas tengan inteligencia propia y autentica?',
 (SELECT id from evaluaciones_prueba where leccion_id = (SELECT id from lecciones_leccion where nombre='Introducción e Historia')),
 (Null)),
('Las principales características de las redes neuronales artificiales son:',
 (SELECT id from evaluaciones_prueba where leccion_id = (SELECT id from lecciones_leccion where nombre='Introducción e Historia')),
 (SELECT id from evaluaciones_quiz where tema_id = (SELECT id from lecciones_tema where nombre='Introducción'))),
('La velocidad es más lenta después del entrenar una red neuronal ',
 (SELECT id from evaluaciones_prueba where leccion_id = (SELECT id from lecciones_leccion where nombre='Introducción e Historia')),
 (Null)),
('¿A qué se refiere la robustez de una red?',
 (SELECT id from evaluaciones_prueba where leccion_id = (SELECT id from lecciones_leccion where nombre='Introducción e Historia')),
 (SELECT id from evaluaciones_quiz where tema_id = (SELECT id from lecciones_tema where nombre='Introducción'))),
('¿Qué es la capacidad de aprendizaje de una red?',
 (SELECT id from evaluaciones_prueba where leccion_id = (SELECT id from lecciones_leccion where nombre='Introducción e Historia')),
 (SELECT id from evaluaciones_quiz where tema_id = (SELECT id from lecciones_tema where nombre='Introducción'))),
('¿Qué se tiene que hacer para volver a entrenar una red para otra tarea? ',
 (SELECT id from evaluaciones_prueba where leccion_id = (SELECT id from lecciones_leccion where nombre='Introducción e Historia')),
 (Null)),
('¿Cuál es la ventaja de la robustez en una red?',
 (SELECT id from evaluaciones_prueba where leccion_id = (SELECT id from lecciones_leccion where nombre='Introducción e Historia')),
 (SELECT id from evaluaciones_quiz where tema_id = (SELECT id from lecciones_tema where nombre='Introducción'))),
('¿Cómo se asemeja una red con el cerebro humano en términos de velocidad?',
 (SELECT id from evaluaciones_prueba where leccion_id = (SELECT id from lecciones_leccion where nombre='Introducción e Historia')),
 (Null)),
('¿Cómo definieron McCullough y Pitts a la neurona?',
 (SELECT id from evaluaciones_prueba where leccion_id = (SELECT id from lecciones_leccion where nombre='Introducción e Historia')),
 (SELECT id from evaluaciones_quiz where tema_id = (SELECT id from lecciones_tema where nombre='Historia'))),
('Hebb definió la localización del aprendizaje, ¿En dónde?',
 (SELECT id from evaluaciones_prueba where leccion_id = (SELECT id from lecciones_leccion where nombre='Introducción e Historia')),
 (SELECT id from evaluaciones_quiz where tema_id = (SELECT id from lecciones_tema where nombre='Historia'))),
('En que se basan los cambios de los pesos según Hebb:',
 (SELECT id from evaluaciones_prueba where leccion_id = (SELECT id from lecciones_leccion where nombre='Introducción e Historia')),
 (Null)),
('El perceptrón es:',
 (SELECT id from evaluaciones_prueba where leccion_id = (SELECT id from lecciones_leccion where nombre='Introducción e Historia')),
 (SELECT id from evaluaciones_quiz where tema_id = (SELECT id from lecciones_tema where nombre='Historia'))),
(' El primer uso de las redes neuronales en problemas reales fue:',
 (SELECT id from evaluaciones_prueba where leccion_id = (SELECT id from lecciones_leccion where nombre='Introducción e Historia')),
 (Null)),
('El filtro adaptativo para eliminar ecos en las líneas telefónicas, ¿surgió a partir de qué?',
 (SELECT id from evaluaciones_prueba where leccion_id = (SELECT id from lecciones_leccion where nombre='Introducción e Historia')),
 (Null)),
('¿De qué era capaz el perceptrón en sus inicios?',
 (SELECT id from evaluaciones_prueba where leccion_id = (SELECT id from lecciones_leccion where nombre='Introducción e Historia')),
 (SELECT id from evaluaciones_quiz where tema_id = (SELECT id from lecciones_tema where nombre='Historia'))),
('¿Por qué en 1969 se perdió el interés por las redes neuronales?',
 (SELECT id from evaluaciones_prueba where leccion_id = (SELECT id from lecciones_leccion where nombre='Introducción e Historia')),
 (SELECT id from evaluaciones_quiz where tema_id = (SELECT id from lecciones_tema where nombre='Historia'))),
('¿En cuál década se retoma el interés por las redes neuronales?',
 (SELECT id from evaluaciones_prueba where leccion_id = (SELECT id from lecciones_leccion where nombre='Introducción e Historia')),
(Null)),
('¿Cuál fue el único avance importante en la década de los 70s?',
 (SELECT id from evaluaciones_prueba where leccion_id = (SELECT id from lecciones_leccion where nombre='Introducción e Historia')),
 (SELECT id from evaluaciones_quiz where tema_id = (SELECT id from lecciones_tema where nombre='Historia'))),
('El algoritmo de retropropagación:',
 (SELECT id from evaluaciones_prueba where leccion_id = (SELECT id from lecciones_leccion where nombre='Introducción e Historia')),
 (Null)),
('¿Cuál material vuelve a la red mucho más rápida que las de software?',
 (SELECT id from evaluaciones_prueba where leccion_id = (SELECT id from lecciones_leccion where nombre='Introducción e Historia')),
 (Null)),
('En la actualidad se pueden encontrar redes neuronales en:',
 (SELECT id from evaluaciones_prueba where leccion_id = (SELECT id from lecciones_leccion where nombre='Introducción e Historia')),
 (SELECT id from evaluaciones_quiz where tema_id = (SELECT id from lecciones_tema where nombre='Historia'))),
('En la actualidad se encuentran redes neuronales en:',
 (SELECT id from evaluaciones_prueba where leccion_id = (SELECT id from lecciones_leccion where nombre='Introducción e Historia')),
 (SELECT id from evaluaciones_quiz where tema_id = (SELECT id from lecciones_tema where nombre='Historia'))),
('¿Cuáles son los tipos de perceptrones?',
 (SELECT id from evaluaciones_prueba where leccion_id = (SELECT id from lecciones_leccion where nombre='Introducción e Historia')),
 (SELECT id from evaluaciones_quiz where tema_id = (SELECT id from lecciones_tema where nombre='Tipos de Redes'))),
('Las Redes Neuronales recurrentes:',
 (SELECT id from evaluaciones_prueba where leccion_id = (SELECT id from lecciones_leccion where nombre='Introducción e Historia')),
 (SELECT id from evaluaciones_quiz where tema_id = (SELECT id from lecciones_tema where nombre='Tipos de Redes'))),
('¿Por cuantas redes están conformadas las Redes Generativas Antagónicas?',
 (SELECT id from evaluaciones_prueba where leccion_id = (SELECT id from lecciones_leccion where nombre='Introducción e Historia')),
 (SELECT id from evaluaciones_quiz where tema_id = (SELECT id from lecciones_tema where nombre='Tipos de Redes'))),
('Red capaz de aprender distribuciones de probabilidades:',
 (SELECT id from evaluaciones_prueba where leccion_id = (SELECT id from lecciones_leccion where nombre='Introducción e Historia')),
 (SELECT id from evaluaciones_quiz where tema_id = (SELECT id from lecciones_tema where nombre='Tipos de Redes'))),
('Red capaz de predecir:',
 (SELECT id from evaluaciones_prueba where leccion_id = (SELECT id from lecciones_leccion where nombre='Introducción e Historia')),
 (SELECT id from evaluaciones_quiz where tema_id = (SELECT id from lecciones_tema where nombre='Tipos de Redes'))),
('¿Qué tipo de patrones reconoce el perceptrón simple?',
 (SELECT id from evaluaciones_prueba where leccion_id = (SELECT id from lecciones_leccion where nombre='El Perceptrón Simple')),
 (SELECT id from evaluaciones_quiz where tema_id = (SELECT id from lecciones_tema where nombre='Definición y Limitaciones' AND leccion_id=2))),
('El perceptrón simple se considera:',
 (SELECT id from evaluaciones_prueba where leccion_id = (SELECT id from lecciones_leccion where nombre='El Perceptrón Simple')),
 (SELECT id from evaluaciones_quiz where tema_id = (SELECT id from lecciones_tema where nombre='Definición y Limitaciones' AND leccion_id=2))),
('El perceptrón simple es un modelo:',
 (SELECT id from evaluaciones_prueba where leccion_id = (SELECT id from lecciones_leccion where nombre='El Perceptrón Simple')),
 (SELECT id from evaluaciones_quiz where tema_id = (SELECT id from lecciones_tema where nombre='Definición y Limitaciones' AND leccion_id=2))),
('¿Cuántas capas tiene un perceptrón simple?',
 (SELECT id from evaluaciones_prueba where leccion_id = (SELECT id from lecciones_leccion where nombre='El Perceptrón Simple')),
 (SELECT id from evaluaciones_quiz where tema_id = (SELECT id from lecciones_tema where nombre='Definición y Limitaciones' AND leccion_id=2))),
('Además de las capas ¿de qué está compuesto el perceptrón simple?',
 (SELECT id from evaluaciones_prueba where leccion_id = (SELECT id from lecciones_leccion where nombre='El Perceptrón Simple')),
 (Null)),
('La función de activación:',
 (SELECT id from evaluaciones_prueba where leccion_id = (SELECT id from lecciones_leccion where nombre='El Perceptrón Simple')),
 (Null)),
('La entradas, salidas y la función de activación son:',
 (SELECT id from evaluaciones_prueba where leccion_id = (SELECT id from lecciones_leccion where nombre='El Perceptrón Simple')),
 (Null)),
('Un valor binario puede ser:',
 (SELECT id from evaluaciones_prueba where leccion_id = (SELECT id from lecciones_leccion where nombre='El Perceptrón Simple')),
 (SELECT id from evaluaciones_quiz where tema_id = (SELECT id from lecciones_tema where nombre='Definición y Limitaciones' AND leccion_id=2))),
('Un valor continuo puede ser:',
 (SELECT id from evaluaciones_prueba where leccion_id = (SELECT id from lecciones_leccion where nombre='El Perceptrón Simple')),
 (SELECT id from evaluaciones_quiz where tema_id = (SELECT id from lecciones_tema where nombre='Definición y Limitaciones' AND leccion_id=2))),
('¿Cuándo es un perceptrón más útil?',
 (SELECT id from evaluaciones_prueba where leccion_id = (SELECT id from lecciones_leccion where nombre='El Perceptrón Simple')),
 (Null)),
('¿Cuál es la principal limitación de un perceptrón simple?',
 (SELECT id from evaluaciones_prueba where leccion_id = (SELECT id from lecciones_leccion where nombre='El Perceptrón Simple')),
 (Null)),
('¿Cuáles de las siguientes compuertas no puede ser resulta por un perceptrón simple?',
 (SELECT id from evaluaciones_prueba where leccion_id = (SELECT id from lecciones_leccion where nombre='El Perceptrón Simple')),
 (SELECT id from evaluaciones_quiz where tema_id = (SELECT id from lecciones_tema where nombre='Definición y Limitaciones' AND leccion_id=2))),
('El entrenamiento del perceptrón simple es de tipo:',
 (SELECT id from evaluaciones_prueba where leccion_id = (SELECT id from lecciones_leccion where nombre='El Perceptrón Simple')),
 (SELECT id from evaluaciones_quiz where tema_id = (SELECT id from lecciones_tema where nombre='Entrenamiento'))),
('El primer paso del entrenamiento es',
 (SELECT id from evaluaciones_prueba where leccion_id = (SELECT id from lecciones_leccion where nombre='El Perceptrón Simple')),
 (SELECT id from evaluaciones_quiz where tema_id = (SELECT id from lecciones_tema where nombre='Entrenamiento'))),
('El segundo paso del entrenamiento es:',
 (SELECT id from evaluaciones_prueba where leccion_id = (SELECT id from lecciones_leccion where nombre='El Perceptrón Simple')),
 (SELECT id from evaluaciones_quiz where tema_id = (SELECT id from lecciones_tema where nombre='Entrenamiento'))),
('El tercer paso del entrenamiento es:',
 (SELECT id from evaluaciones_prueba where leccion_id = (SELECT id from lecciones_leccion where nombre='El Perceptrón Simple')),
 (SELECT id from evaluaciones_quiz where tema_id = (SELECT id from lecciones_tema where nombre='Entrenamiento'))),
('El cuarto paso del entrenamiento es:',
 (SELECT id from evaluaciones_prueba where leccion_id = (SELECT id from lecciones_leccion where nombre='El Perceptrón Simple')),
 (SELECT id from evaluaciones_quiz where tema_id = (SELECT id from lecciones_tema where nombre='Entrenamiento'))),
('El quinto paso del entrenamiento es:',
 (SELECT id from evaluaciones_prueba where leccion_id = (SELECT id from lecciones_leccion where nombre='El Perceptrón Simple')),
 (SELECT id from evaluaciones_quiz where tema_id = (SELECT id from lecciones_tema where nombre='Entrenamiento'))),
('El sexto paso y último paso del entrenamiento es:',
 (SELECT id from evaluaciones_prueba where leccion_id = (SELECT id from lecciones_leccion where nombre='El Perceptrón Simple')),
 (SELECT id from evaluaciones_quiz where tema_id = (SELECT id from lecciones_tema where nombre='Entrenamiento'))),
('La actualización de pesos es obligatoriamente con tasa de aprendizaje:',
 (SELECT id from evaluaciones_prueba where leccion_id = (SELECT id from lecciones_leccion where nombre='El Perceptrón Simple')),
 (Null)),
('La actualización de pesos se puede realizar con o sin taza de aprendizaje:',
 (SELECT id from evaluaciones_prueba where leccion_id = (SELECT id from lecciones_leccion where nombre='El Perceptrón Simple')),
 (Null)),
('Los umbrales se utilizan siempre de manera obligatoria:',
 (SELECT id from evaluaciones_prueba where leccion_id = (SELECT id from lecciones_leccion where nombre='El Perceptrón Simple')),
 (Null)),
('El perceptrón multicapa está conformado por:',
 (SELECT id from evaluaciones_prueba where leccion_id = (SELECT id from lecciones_leccion where nombre='El Perceptrón Multicapa')),
 (SELECT id from evaluaciones_quiz where tema_id = (SELECT id from lecciones_tema where nombre='Definición y Limitaciones' AND leccion_id=3))),
('El perceptrón multicapa está conformado por:',
 (SELECT id from evaluaciones_prueba where leccion_id = (SELECT id from lecciones_leccion where nombre='El Perceptrón Multicapa')),
 (SELECT id from evaluaciones_quiz where tema_id = (SELECT id from lecciones_tema where nombre='Definición y Limitaciones' AND leccion_id=3))),
('¿Cuál es el propósito fundamental del perceptrón multicapa?',
 (SELECT id from evaluaciones_prueba where leccion_id = (SELECT id from lecciones_leccion where nombre='El Perceptrón Multicapa')),
 (SELECT id from evaluaciones_quiz where tema_id = (SELECT id from lecciones_tema where nombre='Definición y Limitaciones' AND leccion_id=3))),
('¿Cuántas capas debe tener el perceptrón multicapa?',
 (SELECT id from evaluaciones_prueba where leccion_id = (SELECT id from lecciones_leccion where nombre='El Perceptrón Multicapa')),
 (SELECT id from evaluaciones_quiz where tema_id = (SELECT id from lecciones_tema where nombre='Definición y Limitaciones' AND leccion_id=3))),
('¿Cómo se llaman las capas que están entre la capa de entrada y la de salida?',
 (SELECT id from evaluaciones_prueba where leccion_id = (SELECT id from lecciones_leccion where nombre='El Perceptrón Multicapa')),
 (SELECT id from evaluaciones_quiz where tema_id = (SELECT id from lecciones_tema where nombre='Definición y Limitaciones' AND leccion_id=3))),
('¿Cuántas capas ocultas debe tener el perceptrón multicapa?',
 (SELECT id from evaluaciones_prueba where leccion_id = (SELECT id from lecciones_leccion where nombre='El Perceptrón Multicapa')),
 (SELECT id from evaluaciones_quiz where tema_id = (SELECT id from lecciones_tema where nombre='Definición y Limitaciones' AND leccion_id=3))),
('Las entradas de una capa oculta:',
 (SELECT id from evaluaciones_prueba where leccion_id = (SELECT id from lecciones_leccion where nombre='El Perceptrón Multicapa')),
 (Null)),
(' Las salidas de una capa oculta:',
 (SELECT id from evaluaciones_prueba where leccion_id = (SELECT id from lecciones_leccion where nombre='El Perceptrón Multicapa')),
 (Null)),
('¿Cómo es un perceptrón multicapa totalmente conectado?',
 (SELECT id from evaluaciones_prueba where leccion_id = (SELECT id from lecciones_leccion where nombre='El Perceptrón Multicapa')),
 (Null)),
('¿Cómo es un perceptrón multicapa localmente conectado?',
 (SELECT id from evaluaciones_prueba where leccion_id = (SELECT id from lecciones_leccion where nombre='El Perceptrón Multicapa')),
 (Null)),
('¿Cómo se trata al umbral en un perceptrón multicapa?',
 (SELECT id from evaluaciones_prueba where leccion_id = (SELECT id from lecciones_leccion where nombre='El Perceptrón Multicapa')),
 (Null)),
('¿La entrada del umbral es constante?',
 (SELECT id from evaluaciones_prueba where leccion_id = (SELECT id from lecciones_leccion where nombre='El Perceptrón Multicapa')),
 (SELECT id from evaluaciones_quiz where tema_id = (SELECT id from lecciones_tema where nombre='Definición y Limitaciones' AND leccion_id=3))),
(' La entrada del umbral es igual a:',
 (SELECT id from evaluaciones_prueba where leccion_id = (SELECT id from lecciones_leccion where nombre='El Perceptrón Multicapa')),
 (SELECT id from evaluaciones_quiz where tema_id = (SELECT id from lecciones_tema where nombre='Definición y Limitaciones' AND leccion_id=3))),
('¿De qué manera afectan los mínimos locales al perceptrón multicapa?',
 (SELECT id from evaluaciones_prueba where leccion_id = (SELECT id from lecciones_leccion where nombre='El Perceptrón Multicapa')),
 (Null)),
('¿Qué pasa si el perceptrón multicapa se entrena mal o insuficientemente?',
 (SELECT id from evaluaciones_prueba where leccion_id = (SELECT id from lecciones_leccion where nombre='El Perceptrón Multicapa')),
 (SELECT id from evaluaciones_quiz where tema_id = (SELECT id from lecciones_tema where nombre='Definición y Limitaciones' AND leccion_id=3))),
('¿Cuál es el primer paso de la elaboración de un perceptrón multicapa?',
 (SELECT id from evaluaciones_prueba where leccion_id = (SELECT id from lecciones_leccion where nombre='El Perceptrón Multicapa')),
 (SELECT id from evaluaciones_quiz where tema_id = (SELECT id from lecciones_tema where nombre='Diseño y Propagación de las entradas'))),
('¿Qué se hace en el diseño de la red?',
 (SELECT id from evaluaciones_prueba where leccion_id = (SELECT id from lecciones_leccion where nombre='El Perceptrón Multicapa')),
 (SELECT id from evaluaciones_quiz where tema_id = (SELECT id from lecciones_tema where nombre='Diseño y Propagación de las entradas'))),
('¿Qué define el número de neuronas de entrada de un perceptrón multicapa?',
 (SELECT id from evaluaciones_prueba where leccion_id = (SELECT id from lecciones_leccion where nombre='El Perceptrón Multicapa')),
 (SELECT id from evaluaciones_quiz where tema_id = (SELECT id from lecciones_tema where nombre='Diseño y Propagación de las entradas'))),
('¿Qué define el número de neuronas de salida de un perceptrón multicapa?',
 (SELECT id from evaluaciones_prueba where leccion_id = (SELECT id from lecciones_leccion where nombre='El Perceptrón Multicapa')),
 (SELECT id from evaluaciones_quiz where tema_id = (SELECT id from lecciones_tema where nombre='Diseño y Propagación de las entradas'))),
('En caso de no conocer las variables relevantes:',
 (SELECT id from evaluaciones_prueba where leccion_id = (SELECT id from lecciones_leccion where nombre='El Perceptrón Multicapa')),
 (Null)),
('¿Cuál es el método y/o regla para determinar el número de capas ocultas así como la cantidad de neuronas en ellas?',
 (SELECT id from evaluaciones_prueba where leccion_id = (SELECT id from lecciones_leccion where nombre='El Perceptrón Multicapa')),
 (Null)),
('En la mayoría de los casos para determinar las capas ocultas se realiza:',
 (SELECT id from evaluaciones_prueba where leccion_id = (SELECT id from lecciones_leccion where nombre='El Perceptrón Multicapa')),
 (SELECT id from evaluaciones_quiz where tema_id = (SELECT id from lecciones_tema where nombre='Diseño y Propagación de las entradas'))),
('La función de activación es aplicada en',
 (SELECT id from evaluaciones_prueba where leccion_id = (SELECT id from lecciones_leccion where nombre='El Perceptrón Multicapa')),
 (Null)),
('¿Cuál de estas funciones es común para el perceptrón multicapa?',
 (SELECT id from evaluaciones_prueba where leccion_id = (SELECT id from lecciones_leccion where nombre='El Perceptrón Multicapa')),
 (SELECT id from evaluaciones_quiz where tema_id = (SELECT id from lecciones_tema where nombre='Diseño y Propagación de las entradas'))),
('¿Cuál de estas funciones es común para el perceptrón multicapa?',
 (SELECT id from evaluaciones_prueba where leccion_id = (SELECT id from lecciones_leccion where nombre='El Perceptrón Multicapa')),
 (Null)),
('Ambas funciones comunes para el perceptrón multicapa son:',
 (SELECT id from evaluaciones_prueba where leccion_id = (SELECT id from lecciones_leccion where nombre='El Perceptrón Multicapa')),
 (SELECT id from evaluaciones_quiz where tema_id = (SELECT id from lecciones_tema where nombre='Diseño y Propagación de las entradas'))),
('Rango de valores en función tangente hiperbólica:',
 (SELECT id from evaluaciones_prueba where leccion_id = (SELECT id from lecciones_leccion where nombre='El Perceptrón Multicapa')),
 (Null)),
('Rango de valores en función sigmoidal:',
 (SELECT id from evaluaciones_prueba where leccion_id = (SELECT id from lecciones_leccion where nombre='El Perceptrón Multicapa')),
 (Null)),
('El entrenamiento del perceptrón multicapa es de tipo:',
 (SELECT id from evaluaciones_prueba where leccion_id = (SELECT id from lecciones_leccion where nombre='El Perceptrón Multicapa')),
 (SELECT id from evaluaciones_quiz where tema_id = (SELECT id from lecciones_tema where nombre='Entrenamiento y Early Stopping'))),
('¿Cómo se llama el algoritmo de entrenamiento del perceptrón multicapa?',
 (SELECT id from evaluaciones_prueba where leccion_id = (SELECT id from lecciones_leccion where nombre='El Perceptrón Multicapa')),
 (SELECT id from evaluaciones_quiz where tema_id = (SELECT id from lecciones_tema where nombre='Entrenamiento y Early Stopping'))),
('¿En qué consiste el algoritmo de retropropagación?',
 (SELECT id from evaluaciones_prueba where leccion_id = (SELECT id from lecciones_leccion where nombre='El Perceptrón Multicapa')),
 (SELECT id from evaluaciones_quiz where tema_id = (SELECT id from lecciones_tema where nombre='Entrenamiento y Early Stopping'))),
('¿Cuál es el fin del algoritmo de retropropagación?',
 (SELECT id from evaluaciones_prueba where leccion_id = (SELECT id from lecciones_leccion where nombre='El Perceptrón Multicapa')),
 (SELECT id from evaluaciones_quiz where tema_id = (SELECT id from lecciones_tema where nombre='Entrenamiento y Early Stopping'))),
('El primer paso del algoritmo de retropropagación es:',
 (SELECT id from evaluaciones_prueba where leccion_id = (SELECT id from lecciones_leccion where nombre='El Perceptrón Multicapa')),
 (Null)),
('El segundo paso del algoritmo de retropropagación es:',
 (SELECT id from evaluaciones_prueba where leccion_id = (SELECT id from lecciones_leccion where nombre='El Perceptrón Multicapa')),
 (Null)),
('El tercer paso del algoritmo de retropropagación es:',
 (SELECT id from evaluaciones_prueba where leccion_id = (SELECT id from lecciones_leccion where nombre='El Perceptrón Multicapa')),
 (Null)),
('El cuarto paso del algoritmo de retropropagación es:',
 (SELECT id from evaluaciones_prueba where leccion_id = (SELECT id from lecciones_leccion where nombre='El Perceptrón Multicapa')),
 (Null)),
('El quinto paso del algoritmo de retropropagación es:',
 (SELECT id from evaluaciones_prueba where leccion_id = (SELECT id from lecciones_leccion where nombre='El Perceptrón Multicapa')),
 (Null)),
('El sexto paso del algoritmo de retropropagación es:',
 (SELECT id from evaluaciones_prueba where leccion_id = (SELECT id from lecciones_leccion where nombre='El Perceptrón Multicapa')),
 (Null)),
('El séptimo paso del algoritmo de retropropagación es:',
 (SELECT id from evaluaciones_prueba where leccion_id = (SELECT id from lecciones_leccion where nombre='El Perceptrón Multicapa')),
 (Null)),
('¿Cuál mínimo es mejor encontrar?',
 (SELECT id from evaluaciones_prueba where leccion_id = (SELECT id from lecciones_leccion where nombre='El Perceptrón Multicapa')),
 (SELECT id from evaluaciones_quiz where tema_id = (SELECT id from lecciones_tema where nombre='Entrenamiento y Early Stopping'))),
('¿Qué es el early stopping?',
 (SELECT id from evaluaciones_prueba where leccion_id = (SELECT id from lecciones_leccion where nombre='El Perceptrón Multicapa')),
 (SELECT id from evaluaciones_quiz where tema_id = (SELECT id from lecciones_tema where nombre='Entrenamiento y Early Stopping'))),
('Para realizar el early stopping, primero se debe:',
 (SELECT id from evaluaciones_prueba where leccion_id = (SELECT id from lecciones_leccion where nombre='El Perceptrón Multicapa')),
 (Null)),
('¿Para qué se utiliza el conjunto de validación en el early stopping?',
 (SELECT id from evaluaciones_prueba where leccion_id = (SELECT id from lecciones_leccion where nombre='El Perceptrón Multicapa')),
 (SELECT id from evaluaciones_quiz where tema_id = (SELECT id from lecciones_tema where nombre='Entrenamiento y Early Stopping'))),
('¿Cuándo se debe calcular el error de validación del early stopping?',
 (SELECT id from evaluaciones_prueba where leccion_id = (SELECT id from lecciones_leccion where nombre='El Perceptrón Multicapa')),
 (Null)),
('¿Cuándo se debería detener el entrenamiento utilizando early stopping?',
 (SELECT id from evaluaciones_prueba where leccion_id = (SELECT id from lecciones_leccion where nombre='El Perceptrón Multicapa')),
 (Null)),
('¿Con cuales valores de los pesos se deja la red después de aplicar early stopping?',
 (SELECT id from evaluaciones_prueba where leccion_id = (SELECT id from lecciones_leccion where nombre='El Perceptrón Multicapa')),
 (SELECT id from evaluaciones_quiz where tema_id = (SELECT id from lecciones_tema where nombre='Entrenamiento y Early Stopping'))),
('Las redes neuronales recurrentes se caracterizan por:',
 (SELECT id from evaluaciones_prueba where leccion_id = (SELECT id from lecciones_leccion where nombre='Redes Neuronales Recurrentes')),
 (SELECT id from evaluaciones_quiz where tema_id = (SELECT id from lecciones_tema where nombre='Definición' AND leccion_id=4))),
('¿Cuáles son las entradas de una neurona en una red recurrente?',
 (SELECT id from evaluaciones_prueba where leccion_id = (SELECT id from lecciones_leccion where nombre='Redes Neuronales Recurrentes')),
 (SELECT id from evaluaciones_quiz where tema_id = (SELECT id from lecciones_tema where nombre='Definición' AND leccion_id=4))),
('¿Por qué valores pasados ayudan a predecir valores futuros en las secuencias? ',
 (SELECT id from evaluaciones_prueba where leccion_id = (SELECT id from lecciones_leccion where nombre='Redes Neuronales Recurrentes')),
 (Null)),
('Las redes neuronales recurrentes son feedforward:',
 (SELECT id from evaluaciones_prueba where leccion_id = (SELECT id from lecciones_leccion where nombre='Redes Neuronales Recurrentes')),
 (SELECT id from evaluaciones_quiz where tema_id = (SELECT id from lecciones_tema where nombre='Definición' AND leccion_id=4))),
('Las redes neuronales recurrentes cuentan con una retroalimentación de datos:',
 (SELECT id from evaluaciones_prueba where leccion_id = (SELECT id from lecciones_leccion where nombre='Redes Neuronales Recurrentes')),
 (SELECT id from evaluaciones_quiz where tema_id = (SELECT id from lecciones_tema where nombre='Definición' AND leccion_id=4))),
('Audios, videos y textos son datos secuenciales en los que sirven las redes neuronales recurrentes:',
 (SELECT id from evaluaciones_prueba where leccion_id = (SELECT id from lecciones_leccion where nombre='Redes Neuronales Recurrentes')),
 (SELECT id from evaluaciones_quiz where tema_id = (SELECT id from lecciones_tema where nombre='Definición' AND leccion_id=4))),
('¿Qué es la retropropagación a través del tiempo?',
 (SELECT id from evaluaciones_prueba where leccion_id = (SELECT id from lecciones_leccion where nombre='Redes Neuronales Recurrentes')),
 (SELECT id from evaluaciones_quiz where tema_id = (SELECT id from lecciones_tema where nombre='Entrenamiento y LSTM'))),
('¿De qué manera visualizamos la red neuronal recurrente para facilitar su entendimiento?',
 (SELECT id from evaluaciones_prueba where leccion_id = (SELECT id from lecciones_leccion where nombre='Redes Neuronales Recurrentes')),
 (SELECT id from evaluaciones_quiz where tema_id = (SELECT id from lecciones_tema where nombre='Entrenamiento y LSTM'))),
('¿A qué se refiere aplicar retropropagación al bucle recursivo?',
 (SELECT id from evaluaciones_prueba where leccion_id = (SELECT id from lecciones_leccion where nombre='Redes Neuronales Recurrentes')),
(Null)),
('¿Cómo se representa la retroalimentación de una neurona de una red neuronal recurrente?',
 (SELECT id from evaluaciones_prueba where leccion_id = (SELECT id from lecciones_leccion where nombre='Redes Neuronales Recurrentes')),
 (Null)),
('¿Qué es un LSTM?',
 (SELECT id from evaluaciones_prueba where leccion_id = (SELECT id from lecciones_leccion where nombre='Redes Neuronales Recurrentes')),
 (SELECT id from evaluaciones_quiz where tema_id = (SELECT id from lecciones_tema where nombre='Entrenamiento y LSTM'))),
('¿Cuál es la función del LSTM?',
 (SELECT id from evaluaciones_prueba where leccion_id = (SELECT id from lecciones_leccion where nombre='Redes Neuronales Recurrentes')),
 (SELECT id from evaluaciones_quiz where tema_id = (SELECT id from lecciones_tema where nombre='Entrenamiento y LSTM'))),
('¿Qué hacen las compuertas del LSTM?',
 (SELECT id from evaluaciones_prueba where leccion_id = (SELECT id from lecciones_leccion where nombre='Redes Neuronales Recurrentes')),
 (SELECT id from evaluaciones_quiz where tema_id = (SELECT id from lecciones_tema where nombre='Entrenamiento y LSTM'))),
('¿Cuál de estos argumentos mejor describe el beneficio de un LSTM?',
 (SELECT id from evaluaciones_prueba where leccion_id = (SELECT id from lecciones_leccion where nombre='Redes Neuronales Recurrentes')),
 (Null)),