ALTER SEQUENCE lecciones_leccion_id_seq RESTART;
INSERT INTO lecciones_leccion (nombre)
VALUES
 ('Introducción e Historia'),
 ('El Perceptrón Simple'),
 ('El Perceptrón Multicapa'),
 ('Redes Neuronales Recurrentes'),
 ('Redes de Creencia Profunda'),
 ('Redes Generativas Antagónicas')
 
ALTER SEQUENCE lecciones_tema_id_seq RESTART;
INSERT INTO lecciones_tema (nombre,leccion_id)
VALUES
 ('Introducción', (SELECT id from lecciones_leccion where nombre='Introducción e Historia')),
 ('Historia', (SELECT id from lecciones_leccion where nombre='Introducción e Historia')),
 ('Tipos de Redes', (SELECT id from lecciones_leccion where nombre='Introducción e Historia')),
 ('Definición y Limitaciones', (SELECT id from lecciones_leccion where nombre='El Perceptrón Simple')),
 ('Entrenamiento', (SELECT id from lecciones_leccion where nombre='El Perceptrón Simple')),
 ('Definición y Limitaciones', (SELECT id from lecciones_leccion where nombre='El Perceptrón Multicapa')),
 ('Diseño y Propagación de las entradas', (SELECT id from lecciones_leccion where nombre='El Perceptrón Multicapa')),
 ('Entrenamiento y Early Stopping', (SELECT id from lecciones_leccion where nombre='El Perceptrón Multicapa')),
 ('Definición', (SELECT id from lecciones_leccion where nombre='Redes Neuronales Recurrentes')),
 ('Entrenamiento y LSTM', (SELECT id from lecciones_leccion where nombre='Redes Neuronales Recurrentes')),
 ('Máquina de Boltzmann Restringida', (SELECT id from lecciones_leccion where nombre='Redes de Creencia Profunda')),
 ('Divergencia Contrastiva', (SELECT id from lecciones_leccion where nombre='Redes de Creencia Profunda')),
 ('Definición y Entrenamiento', (SELECT id from lecciones_leccion where nombre='Redes de Creencia Profunda')),
 ('Definición', (SELECT id from lecciones_leccion where nombre='Redes Generativas Antagónicas')),
 ('Entrenamiento y Limitaciones', (SELECT id from lecciones_leccion where nombre='Redes Generativas Antagónicas')),
 ('Usos', (SELECT id from lecciones_leccion where nombre='Redes Generativas Antagónicas'))
 
ALTER SEQUENCE lecciones_infotema_id_seq RESTART; 
INSERT INTO public.lecciones_infotema(tema_id, presentacion, podcast, codigo)
VALUES
((SELECT id from lecciones_tema where nombre='Introducción'), True, True, False),
((SELECT id from lecciones_tema where nombre='Historia'),  True,  True,  False),
((SELECT id from lecciones_tema where nombre='Tipos de Redes'),  True,  True, False),
((SELECT id from lecciones_tema where nombre='Definición y Limitaciones'AND leccion_id=2),  True,  True, False),
((SELECT id from lecciones_tema where nombre='Entrenamiento'),  True,  True, True),
((SELECT id from lecciones_tema where nombre='Definición y Limitaciones' AND leccion_id=3),  True,  True, False),
((SELECT id from lecciones_tema where nombre='Diseño y Propagación de las entradas'),  True,  True, False),
((SELECT id from lecciones_tema where nombre='Entrenamiento y Early Stopping'),  True,  True, True),
((SELECT id from lecciones_tema where nombre='Definición' AND leccion_id=4),  True,  True, False),
((SELECT id from lecciones_tema where nombre='Entrenamiento y LSTM'),  True,  True, True),
((SELECT id from lecciones_tema where nombre='Máquina de Boltzmann Restringida'),  True,  True, False),
((SELECT id from lecciones_tema where nombre='Divergencia Contrastiva'),  True,  True, False),
((SELECT id from lecciones_tema where nombre='Definición y Entrenamiento'),  True,  True, True),
((SELECT id from lecciones_tema where nombre='Definición' AND leccion_id=6),  True,  True, False),
((SELECT id from lecciones_tema where nombre='Entrenamiento y Limitaciones'),  True,  True, True),
((SELECT id from lecciones_tema where nombre='Usos'),  True,  True, False)

ALTER SEQUENCE evaluaciones_prueba_id_seq RESTART; 
INSERT INTO public.evaluaciones_prueba(leccion_id)
VALUES
((SELECT id from lecciones_leccion where nombre='Introducción e Historia')),
((SELECT id from lecciones_leccion where nombre='El Perceptrón Simple')),
((SELECT id from lecciones_leccion where nombre='El Perceptrón Multicapa')),
((SELECT id from lecciones_leccion where nombre='Redes Neuronales Recurrentes')),
((SELECT id from lecciones_leccion where nombre='Redes de Creencia Profunda')),
((SELECT id from lecciones_leccion where nombre='Redes Generativas Antagónicas'))

ALTER SEQUENCE evaluaciones_quiz_id_seq RESTART; 
INSERT INTO public.evaluaciones_quiz(tema_id)
VALUES
((SELECT id from lecciones_tema where nombre='Introducción')),
((SELECT id from lecciones_tema where nombre='Historia')),
((SELECT id from lecciones_tema where nombre='Tipos de Redes')),
((SELECT id from lecciones_tema where nombre='Definición y Limitaciones' AND leccion_id=2)),
((SELECT id from lecciones_tema where nombre='Entrenamiento')),
((SELECT id from lecciones_tema where nombre='Definición y Limitaciones' AND leccion_id=3)),
((SELECT id from lecciones_tema where nombre='Diseño y Propagación de las entradas')),
((SELECT id from lecciones_tema where nombre='Entrenamiento y Early Stopping')),
((SELECT id from lecciones_tema where nombre='Definición' AND leccion_id=4)),
((SELECT id from lecciones_tema where nombre='Entrenamiento y LSTM')),
((SELECT id from lecciones_tema where nombre='Máquina de Boltzmann Restringida')),
((SELECT id from lecciones_tema where nombre='Divergencia Contrastiva')),
((SELECT id from lecciones_tema where nombre='Definición y Entrenamiento')),
((SELECT id from lecciones_tema where nombre='Definición' AND leccion_id=6)),
((SELECT id from lecciones_tema where nombre='Entrenamiento y Limitaciones')),
((SELECT id from lecciones_tema where nombre='Usos'))

ALTER SEQUENCE lecciones_link_id_seq RESTART; 
INSERT INTO public.lecciones_link(presentacion, presentaciond, podcast, codigo, tema_id)
VALUES
('//www.slideshare.net/slideshow/embed_code/key/iG6RDTv0IRIFRo','/presentaciones/Presentacion1.pdf','podcasts/Introducción.mp3',Null,
(SELECT id from lecciones_tema where nombre='Introducción')),
('//www.slideshare.net/slideshow/embed_code/key/bhCVX1JbFJh9dJ','/presentaciones/Presentacion2.pdf','podcasts/Historia.mp3',Null,
(SELECT id from lecciones_tema where nombre='Historia')),
('//www.slideshare.net/slideshow/embed_code/key/r0awxqGENoumqJ','/presentaciones/Presentacion3.pdf','podcasts/Tipos de Redes.mp3',Null,
(SELECT id from lecciones_tema where nombre='Tipos de Redes')),
('//www.slideshare.net/slideshow/embed_code/key/gg1jYOVPa195Iw','/presentaciones/Presentacion4.pdf','podcasts/Definición y Limitaciones(PS).mp3',Null,
(SELECT id from lecciones_tema where nombre='Definición y Limitaciones' AND leccion_id=2)),
('//www.slideshare.net/slideshow/embed_code/key/HoV2jCH8J16aTd','/presentaciones/Presentacion5.pdf','podcasts/Entrenamiento.mp3',Null,
(SELECT id from lecciones_tema where nombre='Entrenamiento')),
('//www.slideshare.net/slideshow/embed_code/key/Hd5Ar17KRV75pC','/presentaciones/Presentacion6.pdf','podcasts/Definición y Limitaciones(PM).mp3',Null,
(SELECT id from lecciones_tema where nombre='Definición y Limitaciones' AND leccion_id=3)),
('//www.slideshare.net/slideshow/embed_code/key/qz1ZhibfvijyGX','/presentaciones/Presentacion7.pdf','podcasts/Diseño y Propagación.mp3',Null,
(SELECT id from lecciones_tema where nombre='Diseño y Propagación de las entradas')),
('//www.slideshare.net/slideshow/embed_code/key/z9TJHpT9ylY2rx','/presentaciones/Presentacion8.pdf','podcasts/Entrenamiento y Early Stopping.mp3',Null,
(SELECT id from lecciones_tema where nombre='Entrenamiento y Early Stopping')),
('//www.slideshare.net/slideshow/embed_code/key/Drv7dgFyNhctMO','/presentaciones/Presentacion9.pdf','podcasts/Definición(RNR).mp3',Null,
(SELECT id from lecciones_tema where nombre='Definición' AND leccion_id=4)),
('//www.slideshare.net/slideshow/embed_code/key/zM80GmZshdeekR','/presentaciones/Presentacion10.pdf','podcasts/Entrenamiento y LSTM.mp3',Null,
(SELECT id from lecciones_tema where nombre='Entrenamiento y LSTM')),
('//www.slideshare.net/slideshow/embed_code/key/g4TcFohKWsMWw8','/presentaciones/Presentacion11.pdf','podcasts/Máquina de Boltzmann Restringida.mp3',Null,
(SELECT id from lecciones_tema where nombre='Máquina de Boltzmann Restringida')),
('//www.slideshare.net/slideshow/embed_code/key/9hNox8fiSen1MD','/presentaciones/Presentacion12.pdf','podcasts/Divergencia Contrastiva.mp3',Null,
(SELECT id from lecciones_tema where nombre='Divergencia Contrastiva')),
('//www.slideshare.net/slideshow/embed_code/key/fkBoEY6VUss3I','/presentaciones/Presentacion13.pdf','podcasts/Definición y Entrenamiento.mp3',Null,
(SELECT id from lecciones_tema where nombre='Definición y Entrenamiento')),
('//www.slideshare.net/slideshow/embed_code/key/yBijxw4Ql2qIPy','/presentaciones/Presentacion14.pdf','podcasts/Definición(RGA).mp3',Null,
(SELECT id from lecciones_tema where nombre='Definición' AND leccion_id=6)),
('//www.slideshare.net/slideshow/embed_code/key/FYzXiJtcu509Qq','/presentaciones/Presentacion15.pdf','podcasts/Entrenamiento y Limitaciones.mp3',Null,
(SELECT id from lecciones_tema where nombre='Entrenamiento y Limitaciones')),
('//www.slideshare.net/slideshow/embed_code/key/xVVLV4MVusMdpL','/presentaciones/Presentacion16.pdf','podcasts/Usos.mp3',Null,
(SELECT id from lecciones_tema where nombre='Usos')

ALTER SEQUENCE evaluaciones_pregunta_id_seq RESTART; 
INSERT INTO public.evaluaciones_pregunta(contenido, prueba_id, quiz_id)
VALUES
('¿Las redes neuronales conforman el elemento principal de cuál tecnología?',
 (SELECT id from evaluaciones_prueba where leccion_id = (SELECT id from lecciones_leccion where nombre='Introducción e Historia')),
 (SELECT id from evaluaciones_quiz where tema_id = (SELECT id from lecciones_tema where nombre='Introducción'))),
('¿Cuál es el objetivo final de la Inteligencia Artificial? ',
 (SELECT id from evaluaciones_prueba where leccion_id = (SELECT id from lecciones_leccion where nombre='Introducción e Historia')),
 (SELECT id from evaluaciones_quiz where tema_id = (SELECT id from lecciones_tema where nombre='Introducción'))),
('¿Es posible que, en un futuro, las maquinas tengan inteligencia propia y autentica?',
 (SELECT id from evaluaciones_prueba where leccion_id = (SELECT id from lecciones_leccion where nombre='Introducción e Historia')),
 (Null)),
('Las principales características de las redes neuronales artificiales son:',
 (SELECT id from evaluaciones_prueba where leccion_id = (SELECT id from lecciones_leccion where nombre='Introducción e Historia')),
 (SELECT id from evaluaciones_quiz where tema_id = (SELECT id from lecciones_tema where nombre='Introducción'))),
('La velocidad es más lenta después del entrenar una red neuronal ',
 (SELECT id from evaluaciones_prueba where leccion_id = (SELECT id from lecciones_leccion where nombre='Introducción e Historia')),
 (Null)),
('¿A qué se refiere la robustez de una red?',
 (SELECT id from evaluaciones_prueba where leccion_id = (SELECT id from lecciones_leccion where nombre='Introducción e Historia')),
 (SELECT id from evaluaciones_quiz where tema_id = (SELECT id from lecciones_tema where nombre='Introducción'))),
('¿Qué es la capacidad de aprendizaje de una red?',
 (SELECT id from evaluaciones_prueba where leccion_id = (SELECT id from lecciones_leccion where nombre='Introducción e Historia')),
 (SELECT id from evaluaciones_quiz where tema_id = (SELECT id from lecciones_tema where nombre='Introducción'))),
('¿Qué se tiene que hacer para volver a entrenar una red para otra tarea? ',
 (SELECT id from evaluaciones_prueba where leccion_id = (SELECT id from lecciones_leccion where nombre='Introducción e Historia')),
 (Null)),
('¿Cuál es la ventaja de la robustez en una red?',
 (SELECT id from evaluaciones_prueba where leccion_id = (SELECT id from lecciones_leccion where nombre='Introducción e Historia')),
 (SELECT id from evaluaciones_quiz where tema_id = (SELECT id from lecciones_tema where nombre='Introducción'))),
('¿Cómo se asemeja una red con el cerebro humano en términos de velocidad?',
 (SELECT id from evaluaciones_prueba where leccion_id = (SELECT id from lecciones_leccion where nombre='Introducción e Historia')),
 (Null)),
('¿Cómo definieron McCullough y Pitts a la neurona?',
 (SELECT id from evaluaciones_prueba where leccion_id = (SELECT id from lecciones_leccion where nombre='Introducción e Historia')),
 (SELECT id from evaluaciones_quiz where tema_id = (SELECT id from lecciones_tema where nombre='Historia'))),
('Hebb definió la localización del aprendizaje, ¿En dónde?',
 (SELECT id from evaluaciones_prueba where leccion_id = (SELECT id from lecciones_leccion where nombre='Introducción e Historia')),
 (SELECT id from evaluaciones_quiz where tema_id = (SELECT id from lecciones_tema where nombre='Historia'))),
('En que se basan los cambios de los pesos según Hebb:',
 (SELECT id from evaluaciones_prueba where leccion_id = (SELECT id from lecciones_leccion where nombre='Introducción e Historia')),
 (Null)),
('El perceptrón es:',
 (SELECT id from evaluaciones_prueba where leccion_id = (SELECT id from lecciones_leccion where nombre='Introducción e Historia')),
 (SELECT id from evaluaciones_quiz where tema_id = (SELECT id from lecciones_tema where nombre='Historia'))),
(' El primer uso de las redes neuronales en problemas reales fue:',
 (SELECT id from evaluaciones_prueba where leccion_id = (SELECT id from lecciones_leccion where nombre='Introducción e Historia')),
 (Null)),
('El filtro adaptativo para eliminar ecos en las líneas telefónicas, ¿surgió a partir de qué?',
 (SELECT id from evaluaciones_prueba where leccion_id = (SELECT id from lecciones_leccion where nombre='Introducción e Historia')),
 (Null)),
('¿De qué era capaz el perceptrón en sus inicios?',
 (SELECT id from evaluaciones_prueba where leccion_id = (SELECT id from lecciones_leccion where nombre='Introducción e Historia')),
 (SELECT id from evaluaciones_quiz where tema_id = (SELECT id from lecciones_tema where nombre='Historia'))),
('¿Por qué en 1969 se perdió el interés por las redes neuronales?',
 (SELECT id from evaluaciones_prueba where leccion_id = (SELECT id from lecciones_leccion where nombre='Introducción e Historia')),
 (SELECT id from evaluaciones_quiz where tema_id = (SELECT id from lecciones_tema where nombre='Historia'))),
('¿En cuál década se retoma el interés por las redes neuronales?',
 (SELECT id from evaluaciones_prueba where leccion_id = (SELECT id from lecciones_leccion where nombre='Introducción e Historia')),
(Null)),
('¿Cuál fue el único avance importante en la década de los 70s?',
 (SELECT id from evaluaciones_prueba where leccion_id = (SELECT id from lecciones_leccion where nombre='Introducción e Historia')),
 (SELECT id from evaluaciones_quiz where tema_id = (SELECT id from lecciones_tema where nombre='Historia'))),
('El algoritmo de retropropagación:',
 (SELECT id from evaluaciones_prueba where leccion_id = (SELECT id from lecciones_leccion where nombre='Introducción e Historia')),
 (Null)),
('¿Cuál material vuelve a la red mucho más rápida que las de software?',
 (SELECT id from evaluaciones_prueba where leccion_id = (SELECT id from lecciones_leccion where nombre='Introducción e Historia')),
 (Null)),
('En la actualidad se pueden encontrar redes neuronales en:',
 (SELECT id from evaluaciones_prueba where leccion_id = (SELECT id from lecciones_leccion where nombre='Introducción e Historia')),
 (SELECT id from evaluaciones_quiz where tema_id = (SELECT id from lecciones_tema where nombre='Historia'))),
('En la actualidad se encuentran redes neuronales en:',
 (SELECT id from evaluaciones_prueba where leccion_id = (SELECT id from lecciones_leccion where nombre='Introducción e Historia')),
 (SELECT id from evaluaciones_quiz where tema_id = (SELECT id from lecciones_tema where nombre='Historia'))),
('¿Cuáles son los tipos de perceptrones?',
 (SELECT id from evaluaciones_prueba where leccion_id = (SELECT id from lecciones_leccion where nombre='Introducción e Historia')),
 (SELECT id from evaluaciones_quiz where tema_id = (SELECT id from lecciones_tema where nombre='Tipos de Redes'))),
('Las Redes Neuronales recurrentes:',
 (SELECT id from evaluaciones_prueba where leccion_id = (SELECT id from lecciones_leccion where nombre='Introducción e Historia')),
 (SELECT id from evaluaciones_quiz where tema_id = (SELECT id from lecciones_tema where nombre='Tipos de Redes'))),
('¿Por cuantas redes están conformadas las Redes Generativas Antagónicas?',
 (SELECT id from evaluaciones_prueba where leccion_id = (SELECT id from lecciones_leccion where nombre='Introducción e Historia')),
 (SELECT id from evaluaciones_quiz where tema_id = (SELECT id from lecciones_tema where nombre='Tipos de Redes'))),
('Red capaz de aprender distribuciones de probabilidades:',
 (SELECT id from evaluaciones_prueba where leccion_id = (SELECT id from lecciones_leccion where nombre='Introducción e Historia')),
 (SELECT id from evaluaciones_quiz where tema_id = (SELECT id from lecciones_tema where nombre='Tipos de Redes'))),
('Red capaz de predecir:',
 (SELECT id from evaluaciones_prueba where leccion_id = (SELECT id from lecciones_leccion where nombre='Introducción e Historia')),
 (SELECT id from evaluaciones_quiz where tema_id = (SELECT id from lecciones_tema where nombre='Tipos de Redes'))),

