ALTER SEQUENCE lecciones_leccion_id_seq RESTART;
INSERT INTO lecciones_leccion (nombre)
VALUES
 ('Introducción e Historia'),
 ('El Perceptrón Simple'),
 ('El Perceptrón Multicapa'),
 ('Redes Neuronales Recurrentes'),
 ('Redes de Creencia Profunda'),
 ('Redes Generativas Antagónicas')
 
ALTER SEQUENCE lecciones_tema_id_seq RESTART;
INSERT INTO lecciones_tema (nombre,leccion_id)
VALUES
 ('Introducción', (SELECT id from lecciones_leccion where nombre='Introducción e Historia')),
 ('Historia', (SELECT id from lecciones_leccion where nombre='Introducción e Historia')),
 ('Tipos de Redes', (SELECT id from lecciones_leccion where nombre='Introducción e Historia')),
 ('Definición y Limitaciones', (SELECT id from lecciones_leccion where nombre='El Perceptrón Simple')),
 ('Entrenamiento', (SELECT id from lecciones_leccion where nombre='El Perceptrón Simple')),
 ('Definición y Limitaciones', (SELECT id from lecciones_leccion where nombre='El Perceptrón Multicapa')),
 ('Diseño y Propagación de las entradas', (SELECT id from lecciones_leccion where nombre='El Perceptrón Multicapa')),
 ('Entrenamiento y Early Stopping', (SELECT id from lecciones_leccion where nombre='El Perceptrón Multicapa')),
 ('Definición', (SELECT id from lecciones_leccion where nombre='Redes Neuronales Recurrentes')),
 ('Entrenamiento y LSTM', (SELECT id from lecciones_leccion where nombre='Redes Neuronales Recurrentes')),
 ('Máquina de Boltzmann Restringida', (SELECT id from lecciones_leccion where nombre='Redes de Creencia Profunda')),
 ('Divergencia Contrastiva', (SELECT id from lecciones_leccion where nombre='Redes de Creencia Profunda')),
 ('Definición y Entrenamiento', (SELECT id from lecciones_leccion where nombre='Redes de Creencia Profunda')),
 ('Definición y Limitaciones', (SELECT id from lecciones_leccion where nombre='Redes Generativas Antagónicas')),
 ('Entrenamiento', (SELECT id from lecciones_leccion where nombre='Redes Generativas Antagónicas')),
 ('Usos', (SELECT id from lecciones_leccion where nombre='Redes Generativas Antagónicas'))
  
ALTER SEQUENCE lecciones_infotema_id_seq RESTART; 
INSERT INTO public.lecciones_infotema(tema_id, presentacion, podcast, codigo)
VALUES
((SELECT id from lecciones_tema where nombre='Introducción'), True, True, False),
((SELECT id from lecciones_tema where nombre='Historia'),  True,  True,  False),
((SELECT id from lecciones_tema where nombre='Tipos de Redes'),  True,  True, False),
((SELECT id from lecciones_tema where nombre='Definición y Limitaciones'AND leccion_id=2),  True,  True, False),
((SELECT id from lecciones_tema where nombre='Entrenamiento' AND leccion_id=2),  True,  True, True),
((SELECT id from lecciones_tema where nombre='Definición y Limitaciones' AND leccion_id=3),  True,  True, False),
((SELECT id from lecciones_tema where nombre='Diseño y Propagación de las entradas'),  True,  True, False),
((SELECT id from lecciones_tema where nombre='Entrenamiento y Early Stopping'),  True,  True, True),
((SELECT id from lecciones_tema where nombre='Definición' AND leccion_id=4),  True,  True, False),
((SELECT id from lecciones_tema where nombre='Entrenamiento y LSTM'),  True,  True, True),
((SELECT id from lecciones_tema where nombre='Máquina de Boltzmann Restringida'),  True,  True, False),
((SELECT id from lecciones_tema where nombre='Divergencia Contrastiva'),  True,  True, False),
((SELECT id from lecciones_tema where nombre='Definición y Entrenamiento'),  True,  True, True),
((SELECT id from lecciones_tema where nombre='Definición y Limitaciones' AND leccion_id=6),  True,  True, False),
((SELECT id from lecciones_tema where nombre='Entrenamiento' AND leccion_id=6),  True,  True, True),
((SELECT id from lecciones_tema where nombre='Usos'),  True,  True, False)

ALTER SEQUENCE evaluaciones_prueba_id_seq RESTART; 
INSERT INTO public.evaluaciones_prueba(leccion_id)
VALUES
((SELECT id from lecciones_leccion where nombre='Introducción e Historia')),
((SELECT id from lecciones_leccion where nombre='El Perceptrón Simple')),
((SELECT id from lecciones_leccion where nombre='El Perceptrón Multicapa')),
((SELECT id from lecciones_leccion where nombre='Redes Neuronales Recurrentes')),
((SELECT id from lecciones_leccion where nombre='Redes de Creencia Profunda')),
((SELECT id from lecciones_leccion where nombre='Redes Generativas Antagónicas'))

ALTER SEQUENCE evaluaciones_quiz_id_seq RESTART; 
INSERT INTO public.evaluaciones_quiz(tema_id)
VALUES
((SELECT id from lecciones_tema where nombre='Introducción')),
((SELECT id from lecciones_tema where nombre='Historia')),
((SELECT id from lecciones_tema where nombre='Tipos de Redes')),
((SELECT id from lecciones_tema where nombre='Definición y Limitaciones' AND leccion_id=2)),
((SELECT id from lecciones_tema where nombre='Entrenamiento' AND leccion_id=2)),
((SELECT id from lecciones_tema where nombre='Definición y Limitaciones' AND leccion_id=3)),
((SELECT id from lecciones_tema where nombre='Diseño y Propagación de las entradas')),
((SELECT id from lecciones_tema where nombre='Entrenamiento y Early Stopping')),
((SELECT id from lecciones_tema where nombre='Definición')),
((SELECT id from lecciones_tema where nombre='Entrenamiento y LSTM')),
((SELECT id from lecciones_tema where nombre='Máquina de Boltzmann Restringida')),
((SELECT id from lecciones_tema where nombre='Divergencia Contrastiva')),
((SELECT id from lecciones_tema where nombre='Definición y Entrenamiento')),
((SELECT id from lecciones_tema where nombre='Definición y Limitaciones' AND leccion_id=6)),
((SELECT id from lecciones_tema where nombre='Entrenamiento' AND leccion_id=6)),
((SELECT id from lecciones_tema where nombre='Usos'))

ALTER SEQUENCE lecciones_link_id_seq RESTART; 
INSERT INTO public.lecciones_link(presentacion, presentaciond, podcast, codigo, tema_id)
VALUES
('//www.slideshare.net/slideshow/embed_code/key/iG6RDTv0IRIFRo','/presentaciones/Presentacion1.pdf','podcasts/Introducción.mp3',Null,
(SELECT id from lecciones_tema where nombre='Introducción')),
('//www.slideshare.net/slideshow/embed_code/key/bhCVX1JbFJh9dJ','/presentaciones/Presentacion2.pdf','podcasts/Historia.mp3',Null,
(SELECT id from lecciones_tema where nombre='Historia')),
('//www.slideshare.net/slideshow/embed_code/key/r0awxqGENoumqJ','/presentaciones/Presentacion3.pdf','podcasts/Tipos de Redes.mp3',Null,
(SELECT id from lecciones_tema where nombre='Tipos de Redes')),
('//www.slideshare.net/slideshow/embed_code/key/gg1jYOVPa195Iw','/presentaciones/Presentacion4.pdf','podcasts/Definición y Limitaciones(PS).mp3',Null,
(SELECT id from lecciones_tema where nombre='Definición y Limitaciones' AND leccion_id=2)),
('//www.slideshare.net/slideshow/embed_code/key/HoV2jCH8J16aTd','/presentaciones/Presentacion5.pdf','podcasts/Entrenamiento.mp3',Null,
(SELECT id from lecciones_tema where nombre='Entrenamiento' AND leccion_id=2)),
('//www.slideshare.net/slideshow/embed_code/key/Hd5Ar17KRV75pC','/presentaciones/Presentacion6.pdf','podcasts/Definición y Limitaciones(PM).mp3',Null,
(SELECT id from lecciones_tema where nombre='Definición y Limitaciones' AND leccion_id=3)),
('//www.slideshare.net/slideshow/embed_code/key/qz1ZhibfvijyGX','/presentaciones/Presentacion7.pdf','podcasts/Diseño y Propagación.mp3',Null,
(SELECT id from lecciones_tema where nombre='Diseño y Propagación de las entradas')),
('//www.slideshare.net/slideshow/embed_code/key/z9TJHpT9ylY2rx','/presentaciones/Presentacion8.pdf','podcasts/Entrenamiento y Early Stopping.mp3',Null,
(SELECT id from lecciones_tema where nombre='Entrenamiento y Early Stopping')),
('//www.slideshare.net/slideshow/embed_code/key/Drv7dgFyNhctMO','/presentaciones/Presentacion9.pdf','podcasts/Definición(RNR).mp3',Null,
(SELECT id from lecciones_tema where nombre='Definición')),
('//www.slideshare.net/slideshow/embed_code/key/zM80GmZshdeekR','/presentaciones/Presentacion10.pdf','podcasts/Entrenamiento y LSTM.mp3',Null,
(SELECT id from lecciones_tema where nombre='Entrenamiento y LSTM')),
('//www.slideshare.net/slideshow/embed_code/key/g4TcFohKWsMWw8','/presentaciones/Presentacion11.pdf','podcasts/Máquina de Boltzmann Restringida.mp3',Null,
(SELECT id from lecciones_tema where nombre='Máquina de Boltzmann Restringida')),
('//www.slideshare.net/slideshow/embed_code/key/9hNox8fiSen1MD','/presentaciones/Presentacion12.pdf','podcasts/Divergencia Contrastiva.mp3',Null,
(SELECT id from lecciones_tema where nombre='Divergencia Contrastiva')),
('//www.slideshare.net/slideshow/embed_code/key/fkBoEY6VUss3I','/presentaciones/Presentacion13.pdf','podcasts/Definición y Entrenamiento.mp3',Null,
(SELECT id from lecciones_tema where nombre='Definición y Entrenamiento')),
('//www.slideshare.net/slideshow/embed_code/key/yBijxw4Ql2qIPy','/presentaciones/Presentacion14.pdf','podcasts/Definición y Limitaciones(RGA).mp3',Null,
(SELECT id from lecciones_tema where nombre='Definición y Limitaciones' AND leccion_id=6)),
('//www.slideshare.net/slideshow/embed_code/key/FYzXiJtcu509Qq','/presentaciones/Presentacion15.pdf','podcasts/Entrenamiento(RGA).mp3',Null,
(SELECT id from lecciones_tema where nombre='Entrenamiento' AND leccion_id=6)),
('//www.slideshare.net/slideshow/embed_code/key/xVVLV4MVusMdpL','/presentaciones/Presentacion16.pdf','podcasts/Usos.mp3',Null,
(SELECT id from lecciones_tema where nombre='Usos'))

ALTER SEQUENCE evaluaciones_pregunta_id_seq RESTART; 
INSERT INTO public.evaluaciones_pregunta(contenido, prueba_id, quiz_id)
VALUES
('¿Las redes neuronales conforman el elemento principal de cuál tecnología?',
 (SELECT id from evaluaciones_prueba where leccion_id = (SELECT id from lecciones_leccion where nombre='Introducción e Historia')),
 (SELECT id from evaluaciones_quiz where tema_id = (SELECT id from lecciones_tema where nombre='Introducción'))),
('¿Cuál es el objetivo final de la Inteligencia Artificial?',
 (SELECT id from evaluaciones_prueba where leccion_id = (SELECT id from lecciones_leccion where nombre='Introducción e Historia')),
 (SELECT id from evaluaciones_quiz where tema_id = (SELECT id from lecciones_tema where nombre='Introducción'))),
('¿Es posible que, en un futuro, las maquinas tengan inteligencia propia y autentica?',
 (SELECT id from evaluaciones_prueba where leccion_id = (SELECT id from lecciones_leccion where nombre='Introducción e Historia')),
 (Null)),
('Las principales características de las redes neuronales artificiales son:',
 (SELECT id from evaluaciones_prueba where leccion_id = (SELECT id from lecciones_leccion where nombre='Introducción e Historia')),
 (SELECT id from evaluaciones_quiz where tema_id = (SELECT id from lecciones_tema where nombre='Introducción'))),
('La velocidad es más lenta después de entrenar una red neuronal',
 (SELECT id from evaluaciones_prueba where leccion_id = (SELECT id from lecciones_leccion where nombre='Introducción e Historia')),
 (Null)),
('¿A qué se refiere la robustez de una red?',
 (SELECT id from evaluaciones_prueba where leccion_id = (SELECT id from lecciones_leccion where nombre='Introducción e Historia')),
 (SELECT id from evaluaciones_quiz where tema_id = (SELECT id from lecciones_tema where nombre='Introducción'))),
('¿Qué es la capacidad de aprendizaje de una red?',
 (SELECT id from evaluaciones_prueba where leccion_id = (SELECT id from lecciones_leccion where nombre='Introducción e Historia')),
 (SELECT id from evaluaciones_quiz where tema_id = (SELECT id from lecciones_tema where nombre='Introducción'))),
('¿Qué se tiene que hacer para volver a entrenar una red para otra tarea?',
 (SELECT id from evaluaciones_prueba where leccion_id = (SELECT id from lecciones_leccion where nombre='Introducción e Historia')),
 (Null)),
('¿Cuál es la ventaja de la robustez en una red?',
 (SELECT id from evaluaciones_prueba where leccion_id = (SELECT id from lecciones_leccion where nombre='Introducción e Historia')),
 (SELECT id from evaluaciones_quiz where tema_id = (SELECT id from lecciones_tema where nombre='Introducción'))),
('¿Cómo se asemeja una red con el cerebro humano en términos de velocidad?',
 (SELECT id from evaluaciones_prueba where leccion_id = (SELECT id from lecciones_leccion where nombre='Introducción e Historia')),
 (Null)),
('¿Cómo definieron McCullough y Pitts a la neurona?',
 (SELECT id from evaluaciones_prueba where leccion_id = (SELECT id from lecciones_leccion where nombre='Introducción e Historia')),
 (SELECT id from evaluaciones_quiz where tema_id = (SELECT id from lecciones_tema where nombre='Historia'))),
('Hebb definió la localización del aprendizaje, ¿En dónde?',
 (SELECT id from evaluaciones_prueba where leccion_id = (SELECT id from lecciones_leccion where nombre='Introducción e Historia')),
 (SELECT id from evaluaciones_quiz where tema_id = (SELECT id from lecciones_tema where nombre='Historia'))),
('En que se basan los cambios de los pesos según Hebb:',
 (SELECT id from evaluaciones_prueba where leccion_id = (SELECT id from lecciones_leccion where nombre='Introducción e Historia')),
 (Null)),
('El perceptrón es:',
 (SELECT id from evaluaciones_prueba where leccion_id = (SELECT id from lecciones_leccion where nombre='Introducción e Historia')),
 (SELECT id from evaluaciones_quiz where tema_id = (SELECT id from lecciones_tema where nombre='Historia'))),
('El primer uso de las redes neuronales en problemas reales fue:',
 (SELECT id from evaluaciones_prueba where leccion_id = (SELECT id from lecciones_leccion where nombre='Introducción e Historia')),
 (Null)),
('El filtro adaptativo para eliminar ecos en las líneas telefónicas, ¿surgió a partir de qué?',
 (SELECT id from evaluaciones_prueba where leccion_id = (SELECT id from lecciones_leccion where nombre='Introducción e Historia')),
 (Null)),
('¿De qué era capaz el perceptrón en sus inicios?',
 (SELECT id from evaluaciones_prueba where leccion_id = (SELECT id from lecciones_leccion where nombre='Introducción e Historia')),
 (SELECT id from evaluaciones_quiz where tema_id = (SELECT id from lecciones_tema where nombre='Historia'))),
('¿Por qué en 1969 se perdió el interés por las redes neuronales?',
 (SELECT id from evaluaciones_prueba where leccion_id = (SELECT id from lecciones_leccion where nombre='Introducción e Historia')),
 (SELECT id from evaluaciones_quiz where tema_id = (SELECT id from lecciones_tema where nombre='Historia'))),
('¿En cuál década se retoma el interés por las redes neuronales?',
 (SELECT id from evaluaciones_prueba where leccion_id = (SELECT id from lecciones_leccion where nombre='Introducción e Historia')),
(Null)),
('¿Cuál fue el único avance importante en la década de los 70s?',
 (SELECT id from evaluaciones_prueba where leccion_id = (SELECT id from lecciones_leccion where nombre='Introducción e Historia')),
 (SELECT id from evaluaciones_quiz where tema_id = (SELECT id from lecciones_tema where nombre='Historia'))),
('El algoritmo de retropropagación:',
 (SELECT id from evaluaciones_prueba where leccion_id = (SELECT id from lecciones_leccion where nombre='Introducción e Historia')),
 (Null)),
('¿Cuál material vuelve a la red mucho más rápida que las de software?',
 (SELECT id from evaluaciones_prueba where leccion_id = (SELECT id from lecciones_leccion where nombre='Introducción e Historia')),
 (Null)),
('En la actualidad se pueden encontrar redes neuronales en:',
 (SELECT id from evaluaciones_prueba where leccion_id = (SELECT id from lecciones_leccion where nombre='Introducción e Historia')),
 (SELECT id from evaluaciones_quiz where tema_id = (SELECT id from lecciones_tema where nombre='Historia'))),
('En la actualidad se encuentran redes neuronales en:',
 (SELECT id from evaluaciones_prueba where leccion_id = (SELECT id from lecciones_leccion where nombre='Introducción e Historia')),
 (SELECT id from evaluaciones_quiz where tema_id = (SELECT id from lecciones_tema where nombre='Historia'))),
('¿Cuáles son los tipos de perceptrones?',
 (SELECT id from evaluaciones_prueba where leccion_id = (SELECT id from lecciones_leccion where nombre='Introducción e Historia')),
 (SELECT id from evaluaciones_quiz where tema_id = (SELECT id from lecciones_tema where nombre='Tipos de Redes'))),
('Las Redes Neuronales recurrentes:',
 (SELECT id from evaluaciones_prueba where leccion_id = (SELECT id from lecciones_leccion where nombre='Introducción e Historia')),
 (SELECT id from evaluaciones_quiz where tema_id = (SELECT id from lecciones_tema where nombre='Tipos de Redes'))),
('¿Por cuantas redes están conformadas las Redes Generativas Antagónicas?',
 (SELECT id from evaluaciones_prueba where leccion_id = (SELECT id from lecciones_leccion where nombre='Introducción e Historia')),
 (SELECT id from evaluaciones_quiz where tema_id = (SELECT id from lecciones_tema where nombre='Tipos de Redes'))),
('Red capaz de aprender distribuciones de probabilidades:',
 (SELECT id from evaluaciones_prueba where leccion_id = (SELECT id from lecciones_leccion where nombre='Introducción e Historia')),
 (SELECT id from evaluaciones_quiz where tema_id = (SELECT id from lecciones_tema where nombre='Tipos de Redes'))),
('Red capaz de predecir:',
 (SELECT id from evaluaciones_prueba where leccion_id = (SELECT id from lecciones_leccion where nombre='Introducción e Historia')),
 (SELECT id from evaluaciones_quiz where tema_id = (SELECT id from lecciones_tema where nombre='Tipos de Redes'))),
('¿Qué tipo de patrones reconoce el perceptrón simple?',
 (SELECT id from evaluaciones_prueba where leccion_id = (SELECT id from lecciones_leccion where nombre='El Perceptrón Simple')),
 (SELECT id from evaluaciones_quiz where tema_id = (SELECT id from lecciones_tema where nombre='Definición y Limitaciones' AND leccion_id=2))),
('El perceptrón simple se considera:',
 (SELECT id from evaluaciones_prueba where leccion_id = (SELECT id from lecciones_leccion where nombre='El Perceptrón Simple')),
 (SELECT id from evaluaciones_quiz where tema_id = (SELECT id from lecciones_tema where nombre='Definición y Limitaciones' AND leccion_id=2))),
('El perceptrón simple es un modelo:',
 (SELECT id from evaluaciones_prueba where leccion_id = (SELECT id from lecciones_leccion where nombre='El Perceptrón Simple')),
 (SELECT id from evaluaciones_quiz where tema_id = (SELECT id from lecciones_tema where nombre='Definición y Limitaciones' AND leccion_id=2))),
('¿Cuántas capas tiene un perceptrón simple?',
 (SELECT id from evaluaciones_prueba where leccion_id = (SELECT id from lecciones_leccion where nombre='El Perceptrón Simple')),
 (SELECT id from evaluaciones_quiz where tema_id = (SELECT id from lecciones_tema where nombre='Definición y Limitaciones' AND leccion_id=2))),
('Además de las capas ¿de qué está compuesto el perceptrón simple?',
 (SELECT id from evaluaciones_prueba where leccion_id = (SELECT id from lecciones_leccion where nombre='El Perceptrón Simple')),
 (Null)),
('La función de activación:',
 (SELECT id from evaluaciones_prueba where leccion_id = (SELECT id from lecciones_leccion where nombre='El Perceptrón Simple')),
 (Null)),
('La entradas, salidas y la función de activación son:',
 (SELECT id from evaluaciones_prueba where leccion_id = (SELECT id from lecciones_leccion where nombre='El Perceptrón Simple')),
 (Null)),
('Un valor binario puede ser:',
 (SELECT id from evaluaciones_prueba where leccion_id = (SELECT id from lecciones_leccion where nombre='El Perceptrón Simple')),
 (SELECT id from evaluaciones_quiz where tema_id = (SELECT id from lecciones_tema where nombre='Definición y Limitaciones' AND leccion_id=2))),
('Un valor continuo puede ser:',
 (SELECT id from evaluaciones_prueba where leccion_id = (SELECT id from lecciones_leccion where nombre='El Perceptrón Simple')),
 (SELECT id from evaluaciones_quiz where tema_id = (SELECT id from lecciones_tema where nombre='Definición y Limitaciones' AND leccion_id=2))),
('¿Cuándo es un perceptrón más útil?',
 (SELECT id from evaluaciones_prueba where leccion_id = (SELECT id from lecciones_leccion where nombre='El Perceptrón Simple')),
 (Null)),
('¿Cuál es la principal limitación de un perceptrón simple?',
 (SELECT id from evaluaciones_prueba where leccion_id = (SELECT id from lecciones_leccion where nombre='El Perceptrón Simple')),
 (Null)),
('¿Cuáles de las siguientes compuertas no puede ser resulta por un perceptrón simple?',
 (SELECT id from evaluaciones_prueba where leccion_id = (SELECT id from lecciones_leccion where nombre='El Perceptrón Simple')),
 (SELECT id from evaluaciones_quiz where tema_id = (SELECT id from lecciones_tema where nombre='Definición y Limitaciones' AND leccion_id=2))),
('El entrenamiento del perceptrón simple es de tipo:',
 (SELECT id from evaluaciones_prueba where leccion_id = (SELECT id from lecciones_leccion where nombre='El Perceptrón Simple')),
 (SELECT id from evaluaciones_quiz where tema_id = (SELECT id from lecciones_tema where nombre='Entrenamiento' AND leccion_id=2))),
('El primer paso del entrenamiento es',
 (SELECT id from evaluaciones_prueba where leccion_id = (SELECT id from lecciones_leccion where nombre='El Perceptrón Simple')),
 (SELECT id from evaluaciones_quiz where tema_id = (SELECT id from lecciones_tema where nombre='Entrenamiento' AND leccion_id=2))),
('El segundo paso del entrenamiento es:',
 (SELECT id from evaluaciones_prueba where leccion_id = (SELECT id from lecciones_leccion where nombre='El Perceptrón Simple')),
 (SELECT id from evaluaciones_quiz where tema_id = (SELECT id from lecciones_tema where nombre='Entrenamiento' AND leccion_id=2))),
('El tercer paso del entrenamiento es:',
 (SELECT id from evaluaciones_prueba where leccion_id = (SELECT id from lecciones_leccion where nombre='El Perceptrón Simple')),
 (SELECT id from evaluaciones_quiz where tema_id = (SELECT id from lecciones_tema where nombre='Entrenamiento' AND leccion_id=2))),
('El cuarto paso del entrenamiento es:',
 (SELECT id from evaluaciones_prueba where leccion_id = (SELECT id from lecciones_leccion where nombre='El Perceptrón Simple')),
 (SELECT id from evaluaciones_quiz where tema_id = (SELECT id from lecciones_tema where nombre='Entrenamiento' AND leccion_id=2))),
('El quinto paso del entrenamiento es:',
 (SELECT id from evaluaciones_prueba where leccion_id = (SELECT id from lecciones_leccion where nombre='El Perceptrón Simple')),
 (SELECT id from evaluaciones_quiz where tema_id = (SELECT id from lecciones_tema where nombre='Entrenamiento' AND leccion_id=2))),
('El sexto paso y último paso del entrenamiento es:',
 (SELECT id from evaluaciones_prueba where leccion_id = (SELECT id from lecciones_leccion where nombre='El Perceptrón Simple')),
 (SELECT id from evaluaciones_quiz where tema_id = (SELECT id from lecciones_tema where nombre='Entrenamiento' AND leccion_id=2))),
('La actualización de pesos es obligatoriamente con tasa de aprendizaje:',
 (SELECT id from evaluaciones_prueba where leccion_id = (SELECT id from lecciones_leccion where nombre='El Perceptrón Simple')),
 (Null)),
('La actualización de pesos se puede realizar con o sin taza de aprendizaje:',
 (SELECT id from evaluaciones_prueba where leccion_id = (SELECT id from lecciones_leccion where nombre='El Perceptrón Simple')),
 (Null)),
('Los umbrales se utilizan siempre de manera obligatoria:',
 (SELECT id from evaluaciones_prueba where leccion_id = (SELECT id from lecciones_leccion where nombre='El Perceptrón Simple')),
 (Null)),
('El perceptrón multicapa está conformado por:',
 (SELECT id from evaluaciones_prueba where leccion_id = (SELECT id from lecciones_leccion where nombre='El Perceptrón Multicapa')),
 (SELECT id from evaluaciones_quiz where tema_id = (SELECT id from lecciones_tema where nombre='Definición y Limitaciones' AND leccion_id=3))),
('¿Cuál es el propósito fundamental del perceptrón multicapa?',
 (SELECT id from evaluaciones_prueba where leccion_id = (SELECT id from lecciones_leccion where nombre='El Perceptrón Multicapa')),
 (SELECT id from evaluaciones_quiz where tema_id = (SELECT id from lecciones_tema where nombre='Definición y Limitaciones' AND leccion_id=3))),
('¿Cuántas capas debe tener el perceptrón multicapa?',
 (SELECT id from evaluaciones_prueba where leccion_id = (SELECT id from lecciones_leccion where nombre='El Perceptrón Multicapa')),
 (SELECT id from evaluaciones_quiz where tema_id = (SELECT id from lecciones_tema where nombre='Definición y Limitaciones' AND leccion_id=3))),
('¿Cómo se llaman las capas que están entre la capa de entrada y la de salida?',
 (SELECT id from evaluaciones_prueba where leccion_id = (SELECT id from lecciones_leccion where nombre='El Perceptrón Multicapa')),
 (SELECT id from evaluaciones_quiz where tema_id = (SELECT id from lecciones_tema where nombre='Definición y Limitaciones' AND leccion_id=3))),
('¿Cuántas capas ocultas debe tener el perceptrón multicapa?',
 (SELECT id from evaluaciones_prueba where leccion_id = (SELECT id from lecciones_leccion where nombre='El Perceptrón Multicapa')),
 (SELECT id from evaluaciones_quiz where tema_id = (SELECT id from lecciones_tema where nombre='Definición y Limitaciones' AND leccion_id=3))),
('Las entradas de una capa oculta:',
 (SELECT id from evaluaciones_prueba where leccion_id = (SELECT id from lecciones_leccion where nombre='El Perceptrón Multicapa')),
 (Null)),
(' Las salidas de una capa oculta:',
 (SELECT id from evaluaciones_prueba where leccion_id = (SELECT id from lecciones_leccion where nombre='El Perceptrón Multicapa')),
 (Null)),
('¿Cómo es un perceptrón multicapa totalmente conectado?',
 (SELECT id from evaluaciones_prueba where leccion_id = (SELECT id from lecciones_leccion where nombre='El Perceptrón Multicapa')),
 (Null)),
('¿Cómo es un perceptrón multicapa localmente conectado?',
 (SELECT id from evaluaciones_prueba where leccion_id = (SELECT id from lecciones_leccion where nombre='El Perceptrón Multicapa')),
 (Null)),
('¿Cómo se trata al umbral en un perceptrón multicapa?',
 (SELECT id from evaluaciones_prueba where leccion_id = (SELECT id from lecciones_leccion where nombre='El Perceptrón Multicapa')),
 (Null)),
('¿La entrada del umbral es constante?',
 (SELECT id from evaluaciones_prueba where leccion_id = (SELECT id from lecciones_leccion where nombre='El Perceptrón Multicapa')),
 (SELECT id from evaluaciones_quiz where tema_id = (SELECT id from lecciones_tema where nombre='Definición y Limitaciones' AND leccion_id=3))),
(' La entrada del umbral es igual a:',
 (SELECT id from evaluaciones_prueba where leccion_id = (SELECT id from lecciones_leccion where nombre='El Perceptrón Multicapa')),
 (SELECT id from evaluaciones_quiz where tema_id = (SELECT id from lecciones_tema where nombre='Definición y Limitaciones' AND leccion_id=3))),
('¿De qué manera afectan los mínimos locales al perceptrón multicapa?',
 (SELECT id from evaluaciones_prueba where leccion_id = (SELECT id from lecciones_leccion where nombre='El Perceptrón Multicapa')),
 (Null)),
('¿Qué pasa si el perceptrón multicapa se entrena mal o insuficientemente?',
 (SELECT id from evaluaciones_prueba where leccion_id = (SELECT id from lecciones_leccion where nombre='El Perceptrón Multicapa')),
 (SELECT id from evaluaciones_quiz where tema_id = (SELECT id from lecciones_tema where nombre='Definición y Limitaciones' AND leccion_id=3))),
('¿Cuál es el primer paso de la elaboración de un perceptrón multicapa?',
 (SELECT id from evaluaciones_prueba where leccion_id = (SELECT id from lecciones_leccion where nombre='El Perceptrón Multicapa')),
 (SELECT id from evaluaciones_quiz where tema_id = (SELECT id from lecciones_tema where nombre='Diseño y Propagación de las entradas'))),
('¿Qué se hace en el diseño de la red?',
 (SELECT id from evaluaciones_prueba where leccion_id = (SELECT id from lecciones_leccion where nombre='El Perceptrón Multicapa')),
 (SELECT id from evaluaciones_quiz where tema_id = (SELECT id from lecciones_tema where nombre='Diseño y Propagación de las entradas'))),
('¿Qué define el número de neuronas de entrada de un perceptrón multicapa?',
 (SELECT id from evaluaciones_prueba where leccion_id = (SELECT id from lecciones_leccion where nombre='El Perceptrón Multicapa')),
 (SELECT id from evaluaciones_quiz where tema_id = (SELECT id from lecciones_tema where nombre='Diseño y Propagación de las entradas'))),
('¿Qué define el número de neuronas de salida de un perceptrón multicapa?',
 (SELECT id from evaluaciones_prueba where leccion_id = (SELECT id from lecciones_leccion where nombre='El Perceptrón Multicapa')),
 (SELECT id from evaluaciones_quiz where tema_id = (SELECT id from lecciones_tema where nombre='Diseño y Propagación de las entradas'))),
('En caso de no conocer las variables relevantes:',
 (SELECT id from evaluaciones_prueba where leccion_id = (SELECT id from lecciones_leccion where nombre='El Perceptrón Multicapa')),
 (Null)),
('¿Cuál es el método y/o regla para determinar el número de capas ocultas así como la cantidad de neuronas en ellas?',
 (SELECT id from evaluaciones_prueba where leccion_id = (SELECT id from lecciones_leccion where nombre='El Perceptrón Multicapa')),
 (Null)),
('En la mayoría de los casos para determinar las capas ocultas se realiza:',
 (SELECT id from evaluaciones_prueba where leccion_id = (SELECT id from lecciones_leccion where nombre='El Perceptrón Multicapa')),
 (SELECT id from evaluaciones_quiz where tema_id = (SELECT id from lecciones_tema where nombre='Diseño y Propagación de las entradas'))),
('La función de activación es aplicada en',
 (SELECT id from evaluaciones_prueba where leccion_id = (SELECT id from lecciones_leccion where nombre='El Perceptrón Multicapa')),
 (Null)),
('¿Cuál de estas funciones es común para el perceptrón multicapa?',
 (SELECT id from evaluaciones_prueba where leccion_id = (SELECT id from lecciones_leccion where nombre='El Perceptrón Multicapa')),
 (SELECT id from evaluaciones_quiz where tema_id = (SELECT id from lecciones_tema where nombre='Diseño y Propagación de las entradas'))),
('¿De estas funciones cual es común para el perceptrón multicapa?',
 (SELECT id from evaluaciones_prueba where leccion_id = (SELECT id from lecciones_leccion where nombre='El Perceptrón Multicapa')),
 (Null)),
('Ambas funciones comunes para el perceptrón multicapa son:',
 (SELECT id from evaluaciones_prueba where leccion_id = (SELECT id from lecciones_leccion where nombre='El Perceptrón Multicapa')),
 (SELECT id from evaluaciones_quiz where tema_id = (SELECT id from lecciones_tema where nombre='Diseño y Propagación de las entradas'))),
('Rango de valores en función tangente hiperbólica:',
 (SELECT id from evaluaciones_prueba where leccion_id = (SELECT id from lecciones_leccion where nombre='El Perceptrón Multicapa')),
 (Null)),
('Rango de valores en función sigmoidal:',
 (SELECT id from evaluaciones_prueba where leccion_id = (SELECT id from lecciones_leccion where nombre='El Perceptrón Multicapa')),
 (Null)),
('El entrenamiento del perceptrón multicapa es de tipo:',
 (SELECT id from evaluaciones_prueba where leccion_id = (SELECT id from lecciones_leccion where nombre='El Perceptrón Multicapa')),
 (SELECT id from evaluaciones_quiz where tema_id = (SELECT id from lecciones_tema where nombre='Entrenamiento y Early Stopping'))),
('¿Cómo se llama el algoritmo de entrenamiento del perceptrón multicapa?',
 (SELECT id from evaluaciones_prueba where leccion_id = (SELECT id from lecciones_leccion where nombre='El Perceptrón Multicapa')),
 (SELECT id from evaluaciones_quiz where tema_id = (SELECT id from lecciones_tema where nombre='Entrenamiento y Early Stopping'))),
('¿En qué consiste el algoritmo de retropropagación?',
 (SELECT id from evaluaciones_prueba where leccion_id = (SELECT id from lecciones_leccion where nombre='El Perceptrón Multicapa')),
 (SELECT id from evaluaciones_quiz where tema_id = (SELECT id from lecciones_tema where nombre='Entrenamiento y Early Stopping'))),
('¿Cuál es el fin del algoritmo de retropropagación?',
 (SELECT id from evaluaciones_prueba where leccion_id = (SELECT id from lecciones_leccion where nombre='El Perceptrón Multicapa')),
 (SELECT id from evaluaciones_quiz where tema_id = (SELECT id from lecciones_tema where nombre='Entrenamiento y Early Stopping'))),
('El primer paso del algoritmo de retropropagación es:',
 (SELECT id from evaluaciones_prueba where leccion_id = (SELECT id from lecciones_leccion where nombre='El Perceptrón Multicapa')),
 (Null)),
('El segundo paso del algoritmo de retropropagación es:',
 (SELECT id from evaluaciones_prueba where leccion_id = (SELECT id from lecciones_leccion where nombre='El Perceptrón Multicapa')),
 (Null)),
('El tercer paso del algoritmo de retropropagación es:',
 (SELECT id from evaluaciones_prueba where leccion_id = (SELECT id from lecciones_leccion where nombre='El Perceptrón Multicapa')),
 (Null)),
('El cuarto paso del algoritmo de retropropagación es:',
 (SELECT id from evaluaciones_prueba where leccion_id = (SELECT id from lecciones_leccion where nombre='El Perceptrón Multicapa')),
 (Null)),
('El quinto paso del algoritmo de retropropagación es:',
 (SELECT id from evaluaciones_prueba where leccion_id = (SELECT id from lecciones_leccion where nombre='El Perceptrón Multicapa')),
 (Null)),
('El sexto paso del algoritmo de retropropagación es:',
 (SELECT id from evaluaciones_prueba where leccion_id = (SELECT id from lecciones_leccion where nombre='El Perceptrón Multicapa')),
 (Null)),
('El séptimo paso del algoritmo de retropropagación es:',
 (SELECT id from evaluaciones_prueba where leccion_id = (SELECT id from lecciones_leccion where nombre='El Perceptrón Multicapa')),
 (Null)),
('¿Cuál mínimo es mejor encontrar?',
 (SELECT id from evaluaciones_prueba where leccion_id = (SELECT id from lecciones_leccion where nombre='El Perceptrón Multicapa')),
 (SELECT id from evaluaciones_quiz where tema_id = (SELECT id from lecciones_tema where nombre='Entrenamiento y Early Stopping'))),
('¿Qué es el early stopping?',
 (SELECT id from evaluaciones_prueba where leccion_id = (SELECT id from lecciones_leccion where nombre='El Perceptrón Multicapa')),
 (SELECT id from evaluaciones_quiz where tema_id = (SELECT id from lecciones_tema where nombre='Entrenamiento y Early Stopping'))),
('Para realizar el early stopping, primero se debe:',
 (SELECT id from evaluaciones_prueba where leccion_id = (SELECT id from lecciones_leccion where nombre='El Perceptrón Multicapa')),
 (Null)),
('¿Para qué se utiliza el conjunto de validación en el early stopping?',
 (SELECT id from evaluaciones_prueba where leccion_id = (SELECT id from lecciones_leccion where nombre='El Perceptrón Multicapa')),
 (SELECT id from evaluaciones_quiz where tema_id = (SELECT id from lecciones_tema where nombre='Entrenamiento y Early Stopping'))),
('¿Cuándo se debe calcular el error de validación del early stopping?',
 (SELECT id from evaluaciones_prueba where leccion_id = (SELECT id from lecciones_leccion where nombre='El Perceptrón Multicapa')),
 (Null)),
('¿Cuándo se debería detener el entrenamiento utilizando early stopping?',
 (SELECT id from evaluaciones_prueba where leccion_id = (SELECT id from lecciones_leccion where nombre='El Perceptrón Multicapa')),
 (Null)),
('¿Con cuales valores de los pesos se deja la red después de aplicar early stopping?',
 (SELECT id from evaluaciones_prueba where leccion_id = (SELECT id from lecciones_leccion where nombre='El Perceptrón Multicapa')),
 (SELECT id from evaluaciones_quiz where tema_id = (SELECT id from lecciones_tema where nombre='Entrenamiento y Early Stopping'))),
('Las redes neuronales recurrentes se caracterizan por:',
 (SELECT id from evaluaciones_prueba where leccion_id = (SELECT id from lecciones_leccion where nombre='Redes Neuronales Recurrentes')),
 (SELECT id from evaluaciones_quiz where tema_id = (SELECT id from lecciones_tema where nombre='Definición' AND leccion_id=4))),
('¿Cuáles son las entradas de una neurona en una red recurrente?',
 (SELECT id from evaluaciones_prueba where leccion_id = (SELECT id from lecciones_leccion where nombre='Redes Neuronales Recurrentes')),
 (SELECT id from evaluaciones_quiz where tema_id = (SELECT id from lecciones_tema where nombre='Definición' AND leccion_id=4))),
('¿Por qué valores pasados ayudan a predecir valores futuros en las secuencias? ',
 (SELECT id from evaluaciones_prueba where leccion_id = (SELECT id from lecciones_leccion where nombre='Redes Neuronales Recurrentes')),
 (Null)),
('Las redes neuronales recurrentes son feedforward:',
 (SELECT id from evaluaciones_prueba where leccion_id = (SELECT id from lecciones_leccion where nombre='Redes Neuronales Recurrentes')),
 (SELECT id from evaluaciones_quiz where tema_id = (SELECT id from lecciones_tema where nombre='Definición' AND leccion_id=4))),
('Las redes neuronales recurrentes cuentan con una retroalimentación de datos:',
 (SELECT id from evaluaciones_prueba where leccion_id = (SELECT id from lecciones_leccion where nombre='Redes Neuronales Recurrentes')),
 (SELECT id from evaluaciones_quiz where tema_id = (SELECT id from lecciones_tema where nombre='Definición' AND leccion_id=4))),
('Audios, videos y textos son datos secuenciales en los que sirven las redes neuronales recurrentes:',
 (SELECT id from evaluaciones_prueba where leccion_id = (SELECT id from lecciones_leccion where nombre='Redes Neuronales Recurrentes')),
 (SELECT id from evaluaciones_quiz where tema_id = (SELECT id from lecciones_tema where nombre='Definición' AND leccion_id=4))),
('¿Qué es la retropropagación a través del tiempo?',
 (SELECT id from evaluaciones_prueba where leccion_id = (SELECT id from lecciones_leccion where nombre='Redes Neuronales Recurrentes')),
 (SELECT id from evaluaciones_quiz where tema_id = (SELECT id from lecciones_tema where nombre='Entrenamiento y LSTM'))),
('¿De qué manera visualizamos la red neuronal recurrente para facilitar su entendimiento?',
 (SELECT id from evaluaciones_prueba where leccion_id = (SELECT id from lecciones_leccion where nombre='Redes Neuronales Recurrentes')),
 (SELECT id from evaluaciones_quiz where tema_id = (SELECT id from lecciones_tema where nombre='Entrenamiento y LSTM'))),
('¿A qué se refiere aplicar retropropagación al bucle recursivo?',
 (SELECT id from evaluaciones_prueba where leccion_id = (SELECT id from lecciones_leccion where nombre='Redes Neuronales Recurrentes')),
(Null)),
('¿Cómo se representa la retroalimentación de una neurona de una red neuronal recurrente?',
 (SELECT id from evaluaciones_prueba where leccion_id = (SELECT id from lecciones_leccion where nombre='Redes Neuronales Recurrentes')),
 (Null)),
('¿Qué es un LSTM?',
 (SELECT id from evaluaciones_prueba where leccion_id = (SELECT id from lecciones_leccion where nombre='Redes Neuronales Recurrentes')),
 (SELECT id from evaluaciones_quiz where tema_id = (SELECT id from lecciones_tema where nombre='Entrenamiento y LSTM'))),
('¿Cuál es la función del LSTM?',
 (SELECT id from evaluaciones_prueba where leccion_id = (SELECT id from lecciones_leccion where nombre='Redes Neuronales Recurrentes')),
 (SELECT id from evaluaciones_quiz where tema_id = (SELECT id from lecciones_tema where nombre='Entrenamiento y LSTM'))),
('¿Qué hacen las compuertas del LSTM?',
 (SELECT id from evaluaciones_prueba where leccion_id = (SELECT id from lecciones_leccion where nombre='Redes Neuronales Recurrentes')),
 (SELECT id from evaluaciones_quiz where tema_id = (SELECT id from lecciones_tema where nombre='Entrenamiento y LSTM'))),
('¿Cuál de estos argumentos mejor describe el beneficio de un LSTM?',
 (SELECT id from evaluaciones_prueba where leccion_id = (SELECT id from lecciones_leccion where nombre='Redes Neuronales Recurrentes')),
 (Null)),
('¿Qué es una máquina de Boltzmann restringida?',
 (SELECT id from evaluaciones_prueba where leccion_id = (SELECT id from lecciones_leccion where nombre='Redes de Creencia Profunda')),
 (SELECT id from evaluaciones_quiz where tema_id = (SELECT id from lecciones_tema where nombre='Máquina de Boltzmann Restringida'))),
('¿Cómo está compuesta una máquina de Boltzmann restringida?',
 (SELECT id from evaluaciones_prueba where leccion_id = (SELECT id from lecciones_leccion where nombre='Redes de Creencia Profunda')),
 (SELECT id from evaluaciones_quiz where tema_id = (SELECT id from lecciones_tema where nombre='Máquina de Boltzmann Restringida'))),
('Las conexiones en una máquina de Boltzmann restringida son bidireccionales:',
 (SELECT id from evaluaciones_prueba where leccion_id = (SELECT id from lecciones_leccion where nombre='Redes de Creencia Profunda')),
 (SELECT id from evaluaciones_quiz where tema_id = (SELECT id from lecciones_tema where nombre='Máquina de Boltzmann Restringida'))),
('Las conexiones en una máquina de Boltzmann restringida son unidireccionales:',
 (SELECT id from evaluaciones_prueba where leccion_id = (SELECT id from lecciones_leccion where nombre='Redes de Creencia Profunda')),
 (SELECT id from evaluaciones_quiz where tema_id = (SELECT id from lecciones_tema where nombre='Máquina de Boltzmann Restringida'))),
('Las máquinas de Boltzmann restringidas:',
 (SELECT id from evaluaciones_prueba where leccion_id = (SELECT id from lecciones_leccion where nombre='Redes de Creencia Profunda')),
 (SELECT id from evaluaciones_quiz where tema_id = (SELECT id from lecciones_tema where nombre='Máquina de Boltzmann Restringida'))),
('Las neuronas de una capa pueden conectarse a neuronas de cualquier otra capa:',
 (SELECT id from evaluaciones_prueba where leccion_id = (SELECT id from lecciones_leccion where nombre='Redes de Creencia Profunda')),
 (Null)),
('Las neuronas de una capa pueden conectarse solo a las neuronas de la siguiente capa:',
 (SELECT id from evaluaciones_prueba where leccion_id = (SELECT id from lecciones_leccion where nombre='Redes de Creencia Profunda')),
 (Null)),
('¿Cómo se llamaría si cualquier capa se puede conectar con cualquier otra capa?',
 (SELECT id from evaluaciones_prueba where leccion_id = (SELECT id from lecciones_leccion where nombre='Redes de Creencia Profunda')),
 (SELECT id from evaluaciones_quiz where tema_id = (SELECT id from lecciones_tema where nombre='Máquina de Boltzmann Restringida'))),
('¿Qué es la divergencia contrastiva?',
 (SELECT id from evaluaciones_prueba where leccion_id = (SELECT id from lecciones_leccion where nombre='Redes de Creencia Profunda')),
 (SELECT id from evaluaciones_quiz where tema_id = (SELECT id from lecciones_tema where nombre='Divergencia Contrastiva'))),
('¿En qué consiste la fase positiva del algoritmo?',
 (SELECT id from evaluaciones_prueba where leccion_id = (SELECT id from lecciones_leccion where nombre='Redes de Creencia Profunda')),
 (SELECT id from evaluaciones_quiz where tema_id = (SELECT id from lecciones_tema where nombre='Divergencia Contrastiva'))),
('¿En qué consiste la fase negativa del algoritmo?',
 (SELECT id from evaluaciones_prueba where leccion_id = (SELECT id from lecciones_leccion where nombre='Redes de Creencia Profunda')),
 (SELECT id from evaluaciones_quiz where tema_id = (SELECT id from lecciones_tema where nombre='Divergencia Contrastiva'))),
('¿Cuál es el orden del algoritmo?',
 (SELECT id from evaluaciones_prueba where leccion_id = (SELECT id from lecciones_leccion where nombre='Redes de Creencia Profunda')),
 (SELECT id from evaluaciones_quiz where tema_id = (SELECT id from lecciones_tema where nombre='Divergencia Contrastiva'))),
('¿Qué refleja la fase positiva?',
 (SELECT id from evaluaciones_prueba where leccion_id = (SELECT id from lecciones_leccion where nombre='Redes de Creencia Profunda')),
 (Null)),
('¿Qué refleja la fase negativa?',
 (SELECT id from evaluaciones_prueba where leccion_id = (SELECT id from lecciones_leccion where nombre='Redes de Creencia Profunda')),
 (Null)),
('¿Cuál es el objetivo principal del algoritmo?',
 (SELECT id from evaluaciones_prueba where leccion_id = (SELECT id from lecciones_leccion where nombre='Redes de Creencia Profunda')),
 (SELECT id from evaluaciones_quiz where tema_id = (SELECT id from lecciones_tema where nombre='Divergencia Contrastiva'))),
('¿Cómo se realiza el entrenamiento? ',
 (SELECT id from evaluaciones_prueba where leccion_id = (SELECT id from lecciones_leccion where nombre='Redes de Creencia Profunda')),
 (Null)),
('La fórmula de actualización de pesos involucra a:',
 (SELECT id from evaluaciones_prueba where leccion_id = (SELECT id from lecciones_leccion where nombre='Redes de Creencia Profunda')),
 (SELECT id from evaluaciones_quiz where tema_id = (SELECT id from lecciones_tema where nombre='Divergencia Contrastiva'))),
('¿Qué es una red de creencia profunda?',
 (SELECT id from evaluaciones_prueba where leccion_id = (SELECT id from lecciones_leccion where nombre='Redes de Creencia Profunda')),
 (SELECT id from evaluaciones_quiz where tema_id = (SELECT id from lecciones_tema where nombre='Definición y Entrenamiento'))),
('¿Cuál de las siguientes es verdadera?',
 (SELECT id from evaluaciones_prueba where leccion_id = (SELECT id from lecciones_leccion where nombre='Redes de Creencia Profunda')),
 (SELECT id from evaluaciones_quiz where tema_id = (SELECT id from lecciones_tema where nombre='Definición y Entrenamiento'))),
('¿Cómo se entrena una red de creencia profunda?',
 (SELECT id from evaluaciones_prueba where leccion_id = (SELECT id from lecciones_leccion where nombre='Redes de Creencia Profunda')),
 (SELECT id from evaluaciones_quiz where tema_id = (SELECT id from lecciones_tema where nombre='Definición y Entrenamiento'))),
('¿Cómo se llama el método de entrenar las MBR individualmente?',
 (SELECT id from evaluaciones_prueba where leccion_id = (SELECT id from lecciones_leccion where nombre='Redes de Creencia Profunda')),
 (SELECT id from evaluaciones_quiz where tema_id = (SELECT id from lecciones_tema where nombre='Definición y Entrenamiento'))),
('¿En que beneficia el greedy layer-wise?',
 (SELECT id from evaluaciones_prueba where leccion_id = (SELECT id from lecciones_leccion where nombre='Redes de Creencia Profunda')),
 (Null)),
(' El primer paso del greedy layer-wise es:',
 (SELECT id from evaluaciones_prueba where leccion_id = (SELECT id from lecciones_leccion where nombre='Redes de Creencia Profunda')),
 (SELECT id from evaluaciones_quiz where tema_id = (SELECT id from lecciones_tema where nombre='Definición y Entrenamiento'))),
(' El segundo paso del greedy layer-wise es:',
 (SELECT id from evaluaciones_prueba where leccion_id = (SELECT id from lecciones_leccion where nombre='Redes de Creencia Profunda')),
 (SELECT id from evaluaciones_quiz where tema_id = (SELECT id from lecciones_tema where nombre='Definición y Entrenamiento'))),
(' Para entrenar la segunda MBR se necesita:',
 (SELECT id from evaluaciones_prueba where leccion_id = (SELECT id from lecciones_leccion where nombre='Redes de Creencia Profunda')),
 (Null)),
('¿Por qué se necesita propagar los valores de la capa visible de la primera MBR para entrenar a la segunda MBR?',
 (SELECT id from evaluaciones_prueba where leccion_id = (SELECT id from lecciones_leccion where nombre='Redes de Creencia Profunda')),
 (Null)),
(' El tercer paso del greedy layer-wise es:',
 (SELECT id from evaluaciones_prueba where leccion_id = (SELECT id from lecciones_leccion where nombre='Redes de Creencia Profunda')),
 (SELECT id from evaluaciones_quiz where tema_id = (SELECT id from lecciones_tema where nombre='Definición y Entrenamiento'))),
('¿Qué se puede hacer al terminar de pre entrenar la red?',
 (SELECT id from evaluaciones_prueba where leccion_id = (SELECT id from lecciones_leccion where nombre='Redes de Creencia Profunda')),
 (Null)),
('¿Cómo se puede terminar de entrenar la red luego de ampliarla?',
 (SELECT id from evaluaciones_prueba where leccion_id = (SELECT id from lecciones_leccion where nombre='Redes de Creencia Profunda')),
 (Null)),
('¿Qué se forma luego de ampliar la red?',
 (SELECT id from evaluaciones_prueba where leccion_id = (SELECT id from lecciones_leccion where nombre='Redes de Creencia Profunda')),
 (SELECT id from evaluaciones_quiz where tema_id = (SELECT id from lecciones_tema where nombre='Definición y Entrenamiento'))),
('¿Qué son las redes generativas antagónicas?',
 (SELECT id from evaluaciones_prueba where leccion_id = (SELECT id from lecciones_leccion where nombre='Redes Generativas Antagónicas')),
 (SELECT id from evaluaciones_quiz where tema_id = (SELECT id from lecciones_tema where nombre='Definición y Limitaciones' AND leccion_id=6))),
('¿De qué tipo es el entrenamiento de una RGA?',
 (SELECT id from evaluaciones_prueba where leccion_id = (SELECT id from lecciones_leccion where nombre='Redes Generativas Antagónicas')),
 (SELECT id from evaluaciones_quiz where tema_id = (SELECT id from lecciones_tema where nombre='Definición y Limitaciones' AND leccion_id=6))),
('¿Cuáles son las subredes que componen una RGA?',
 (SELECT id from evaluaciones_prueba where leccion_id = (SELECT id from lecciones_leccion where nombre='Redes Generativas Antagónicas')),
 (SELECT id from evaluaciones_quiz where tema_id = (SELECT id from lecciones_tema where nombre='Definición y Limitaciones' AND leccion_id=6))),
('¿Qué hace la red generativa?',
 (SELECT id from evaluaciones_prueba where leccion_id = (SELECT id from lecciones_leccion where nombre='Redes Generativas Antagónicas')),
 (SELECT id from evaluaciones_quiz where tema_id = (SELECT id from lecciones_tema where nombre='Definición y Limitaciones' AND leccion_id=6))),
('¿Qué hace la red discriminadora?',
 (SELECT id from evaluaciones_prueba where leccion_id = (SELECT id from lecciones_leccion where nombre='Redes Generativas Antagónicas')),
 (SELECT id from evaluaciones_quiz where tema_id = (SELECT id from lecciones_tema where nombre='Definición y Limitaciones' AND leccion_id=6))),
('¿Cómo es capaz la red discriminadora de identificar la autenticidad?',
 (SELECT id from evaluaciones_prueba where leccion_id = (SELECT id from lecciones_leccion where nombre='Redes Generativas Antagónicas')),
 (Null)),
('¿Cuál es el objetivo de la red generativa?',
 (SELECT id from evaluaciones_prueba where leccion_id = (SELECT id from lecciones_leccion where nombre='Redes Generativas Antagónicas')),
 (Null)),
('¿Cuál es el objetivo de la red discriminadora?',
 (SELECT id from evaluaciones_prueba where leccion_id = (SELECT id from lecciones_leccion where nombre='Redes Generativas Antagónicas')),
 (Null)),
('El colapso de la red generativa es una limitación de las RGA:',
 (SELECT id from evaluaciones_prueba where leccion_id = (SELECT id from lecciones_leccion where nombre='Redes Generativas Antagónicas')),
 (SELECT id from evaluaciones_quiz where tema_id = (SELECT id from lecciones_tema where nombre='Definición y Limitaciones' AND leccion_id=6))),
('Que la red generativa se vuelva muy buena creando características es una limitación de las RGA:',
 (SELECT id from evaluaciones_prueba where leccion_id = (SELECT id from lecciones_leccion where nombre='Redes Generativas Antagónicas')),
 (SELECT id from evaluaciones_quiz where tema_id = (SELECT id from lecciones_tema where nombre='Definición y Limitaciones' AND leccion_id=6))),
('¿Qué pasa si la red discriminadora se vuelve demasiado buena en su tarea?',
 (SELECT id from evaluaciones_prueba where leccion_id = (SELECT id from lecciones_leccion where nombre='Redes Generativas Antagónicas')),
 (Null)),
('¿Qué pasa si la red generativa colapsa?',
 (SELECT id from evaluaciones_prueba where leccion_id = (SELECT id from lecciones_leccion where nombre='Redes Generativas Antagónicas')),
 (Null)),
('¿Cómo se entrenan las subredes de una RGA?',
 (SELECT id from evaluaciones_prueba where leccion_id = (SELECT id from lecciones_leccion where nombre='Redes Generativas Antagónicas')),
 (SELECT id from evaluaciones_quiz where tema_id = (SELECT id from lecciones_tema where nombre='Entrenamiento' AND leccion_id=6))),
('¿Para qué se entrena la red generativa?',
 (SELECT id from evaluaciones_prueba where leccion_id = (SELECT id from lecciones_leccion where nombre='Redes Generativas Antagónicas')),
 (SELECT id from evaluaciones_quiz where tema_id = (SELECT id from lecciones_tema where nombre='Entrenamiento' AND leccion_id=6))),
('¿Para qué se entrena la red discriminadora?',
 (SELECT id from evaluaciones_prueba where leccion_id = (SELECT id from lecciones_leccion where nombre='Redes Generativas Antagónicas')),
 (SELECT id from evaluaciones_quiz where tema_id = (SELECT id from lecciones_tema where nombre='Entrenamiento' AND leccion_id=6))),
('¿Cómo se recomienda tener los valores de una red mientras se entrena la otra?',
 (SELECT id from evaluaciones_prueba where leccion_id = (SELECT id from lecciones_leccion where nombre='Redes Generativas Antagónicas')),
 (Null)),
('¿Cuál red se recomienda entrenar primero?',
 (SELECT id from evaluaciones_prueba where leccion_id = (SELECT id from lecciones_leccion where nombre='Redes Generativas Antagónicas')),
 (SELECT id from evaluaciones_quiz where tema_id = (SELECT id from lecciones_tema where nombre='Entrenamiento' AND leccion_id=6))),
(' En el entrenamiento no importa si una de las redes avanza mucho con respecto a la otra:',
 (SELECT id from evaluaciones_prueba where leccion_id = (SELECT id from lecciones_leccion where nombre='Redes Generativas Antagónicas')),
 (Null)),
('¿Qué pasa si una de las redes adelanta mucho a la otra durante el entrenamiento?',
 (SELECT id from evaluaciones_prueba where leccion_id = (SELECT id from lecciones_leccion where nombre='Redes Generativas Antagónicas')),
 (SELECT id from evaluaciones_quiz where tema_id = (SELECT id from lecciones_tema where nombre='Entrenamiento' AND leccion_id=6))),
(' Una RGA toma mucho tiempo entrenándose:',
 (SELECT id from evaluaciones_prueba where leccion_id = (SELECT id from lecciones_leccion where nombre='Redes Generativas Antagónicas')),
 (SELECT id from evaluaciones_quiz where tema_id = (SELECT id from lecciones_tema where nombre='Entrenamiento' AND leccion_id=6))),
(' A la red discriminadora se le suministran características reales y la generada por la red generadora',
 (SELECT id from evaluaciones_prueba where leccion_id = (SELECT id from lecciones_leccion where nombre='Redes Generativas Antagónicas')),
 (SELECT id from evaluaciones_quiz where tema_id = (SELECT id from lecciones_tema where nombre='Entrenamiento' AND leccion_id=6))),
('¿Cómo la red generadora sabe si necesita mejorar?',
 (SELECT id from evaluaciones_prueba where leccion_id = (SELECT id from lecciones_leccion where nombre='Redes Generativas Antagónicas')),
 (Null)),
('¿Qué utiliza la red discriminadora para comparar la característica de la red generadora?',
 (SELECT id from evaluaciones_prueba where leccion_id = (SELECT id from lecciones_leccion where nombre='Redes Generativas Antagónicas')),
 (SELECT id from evaluaciones_quiz where tema_id = (SELECT id from lecciones_tema where nombre='Entrenamiento' AND leccion_id=6))),
('¿Cómo es el entrenamiento de una RGA?',
 (SELECT id from evaluaciones_prueba where leccion_id = (SELECT id from lecciones_leccion where nombre='Redes Generativas Antagónicas')),
 (Null)),
('¿Qué pasa al final del entrenamiento?',
 (SELECT id from evaluaciones_prueba where leccion_id = (SELECT id from lecciones_leccion where nombre='Redes Generativas Antagónicas')),
 (SELECT id from evaluaciones_quiz where tema_id = (SELECT id from lecciones_tema where nombre='Entrenamiento' AND leccion_id=6))),
(' Se pueden utilizar para crear diseños de interiores aleatorios',
 (SELECT id from evaluaciones_prueba where leccion_id = (SELECT id from lecciones_leccion where nombre='Redes Generativas Antagónicas')),
 (SELECT id from evaluaciones_quiz where tema_id = (SELECT id from lecciones_tema where nombre='Usos'))),
(' Se pueden utilizar para generar videos sin actores reales',
 (SELECT id from evaluaciones_prueba where leccion_id = (SELECT id from lecciones_leccion where nombre='Redes Generativas Antagónicas')),
 (SELECT id from evaluaciones_quiz where tema_id = (SELECT id from lecciones_tema where nombre='Usos'))),
(' Se pueden utilizar para crear nuevas composiciones musicales',
 (SELECT id from evaluaciones_prueba where leccion_id = (SELECT id from lecciones_leccion where nombre='Redes Generativas Antagónicas')),
 (SELECT id from evaluaciones_quiz where tema_id = (SELECT id from lecciones_tema where nombre='Usos'))),
(' Se pueden utilizar para la conducción automática de vehículos',
 (SELECT id from evaluaciones_prueba where leccion_id = (SELECT id from lecciones_leccion where nombre='Redes Generativas Antagónicas')),
 (Null)),
(' Se pueden utilizar para crear problemas matemáticos',
 (SELECT id from evaluaciones_prueba where leccion_id = (SELECT id from lecciones_leccion where nombre='Redes Generativas Antagónicas')),
 (Null)),
(' Se pueden utilizar para generar datos para algoritmos de Inteligencia Artificial en la medicina, sin necesidad de recolectar datos de pacientes',
 (SELECT id from evaluaciones_prueba where leccion_id = (SELECT id from lecciones_leccion where nombre='Redes Generativas Antagónicas')),
 (Null)),
(' Se pueden utilizar para identificar personas',
 (SELECT id from evaluaciones_prueba where leccion_id = (SELECT id from lecciones_leccion where nombre='Redes Generativas Antagónicas')),
 (SELECT id from evaluaciones_quiz where tema_id = (SELECT id from lecciones_tema where nombre='Usos'))),
(' Se pueden utilizar para acelerar la investigación en cualquier área donde se encuentre la Inteligencia Artificial',
 (SELECT id from evaluaciones_prueba where leccion_id = (SELECT id from lecciones_leccion where nombre='Redes Generativas Antagónicas')),
 (SELECT id from evaluaciones_quiz where tema_id = (SELECT id from lecciones_tema where nombre='Usos')))

ALTER SEQUENCE evaluaciones_respuesta_id_seq RESTART; 
INSERT INTO public.evaluaciones_respuesta(contenido, correcta, pregunta_id)
VALUES
('Inteligencia Artificial', True, (SELECT id from evaluaciones_pregunta where contenido='¿Las redes neuronales conforman el elemento principal de cuál tecnología?')),
('Procesamiento de datos', False, (SELECT id from evaluaciones_pregunta where contenido='¿Las redes neuronales conforman el elemento principal de cuál tecnología?')),
('Procesamiento gráfico', False, (SELECT id from evaluaciones_pregunta where contenido='¿Las redes neuronales conforman el elemento principal de cuál tecnología?')),
('Memorias', False, (SELECT id from evaluaciones_pregunta where contenido='¿Las redes neuronales conforman el elemento principal de cuál tecnología?')),
('Mejorar el almacenamiento en memoria', False, (SELECT id from evaluaciones_pregunta where contenido='¿Cuál es el objetivo final de la Inteligencia Artificial?')),
('Mayor procesamiento gráfico', False, (SELECT id from evaluaciones_pregunta where contenido='¿Cuál es el objetivo final de la Inteligencia Artificial?')),
('Dar auténtica inteligencia a las máquinas', True, (SELECT id from evaluaciones_pregunta where contenido='¿Cuál es el objetivo final de la Inteligencia Artificial?')),
('Procesar mayores cantidades de datos', False, (SELECT id from evaluaciones_pregunta where contenido='¿Cuál es el objetivo final de la Inteligencia Artificial?')),
('Definitivamente si', False, (SELECT id from evaluaciones_pregunta where contenido='¿Es posible que, en un futuro, las maquinas tengan inteligencia propia y autentica?')),
('No', False, (SELECT id from evaluaciones_pregunta where contenido='¿Es posible que, en un futuro, las maquinas tengan inteligencia propia y autentica?')), 
('Puede que si', False, (SELECT id from evaluaciones_pregunta where contenido='¿Es posible que, en un futuro, las maquinas tengan inteligencia propia y autentica?')),
('No se sabe', True, (SELECT id from evaluaciones_pregunta where contenido='¿Es posible que, en un futuro, las maquinas tengan inteligencia propia y autentica?')),
('Aprendizaje, Velocidad y Robustez', True, (SELECT id from evaluaciones_pregunta where contenido='Las principales características de las redes neuronales artificiales son:')),
('Velocidad y Robustez', False, (SELECT id from evaluaciones_pregunta where contenido='Las principales características de las redes neuronales artificiales son:')),
('Aprendizaje, Simetría y Velocidad', False, (SELECT id from evaluaciones_pregunta where contenido='Las principales características de las redes neuronales artificiales son:')),
('Robustez y Asimetría', False, (SELECT id from evaluaciones_pregunta where contenido='Las principales características de las redes neuronales artificiales son:')),
('Verdadero ', False, (SELECT id from evaluaciones_pregunta where contenido='La velocidad es más lenta después de entrenar una red neuronal')),
('Falso', True, (SELECT id from evaluaciones_pregunta where contenido='La velocidad es más lenta después de entrenar una red neuronal')),
('Depende del caso', False, (SELECT id from evaluaciones_pregunta where contenido='La velocidad es más lenta después de entrenar una red neuronal')),
('Depende de la red', False, (SELECT id from evaluaciones_pregunta where contenido='La velocidad es más lenta después de entrenar una red neuronal')),
('Conocimiento centralizado en un solo lugar', False, (SELECT id from evaluaciones_pregunta where contenido='¿A qué se refiere la robustez de una red?')),
('Conocimiento esparcido al inicio de la red', False, (SELECT id from evaluaciones_pregunta where contenido='¿A qué se refiere la robustez de una red?')),
('Conocimiento esparcido en la última capa', False, (SELECT id from evaluaciones_pregunta where contenido='¿A qué se refiere la robustez de una red?')),
('Conocimiento esparcido por toda la red ', True, (SELECT id from evaluaciones_pregunta where contenido='¿A qué se refiere la robustez de una red?')),
('Poder entrenar una red teniendo uno mismo el conocimiento de la tarea', False, (SELECT id from evaluaciones_pregunta where contenido='¿Qué es la capacidad de aprendizaje de una red?')),
('Poder entrenar una red sin conocer a fondo la tarea a realizar', True, (SELECT id from evaluaciones_pregunta where contenido='¿Qué es la capacidad de aprendizaje de una red?')),
('No poder entrenar la red', False, (SELECT id from evaluaciones_pregunta where contenido='¿Qué es la capacidad de aprendizaje de una red?')),
('Que la red se entrena sola', False, (SELECT id from evaluaciones_pregunta where contenido='¿Qué es la capacidad de aprendizaje de una red?')),
('Reescribir el código', False, (SELECT id from evaluaciones_pregunta where contenido='¿Qué se tiene que hacer para volver a entrenar una red para otra tarea?')),
('Estudiar el nuevo tema y rediseñar la red', False, (SELECT id from evaluaciones_pregunta where contenido='¿Qué se tiene que hacer para volver a entrenar una red para otra tarea?')),
('Nada', True, (SELECT id from evaluaciones_pregunta where contenido='¿Qué se tiene que hacer para volver a entrenar una red para otra tarea?')),
('Ninguna de las anteriores', False, (SELECT id from evaluaciones_pregunta where contenido='¿Qué se tiene que hacer para volver a entrenar una red para otra tarea?')),
('Ser más rápido', False, (SELECT id from evaluaciones_pregunta where contenido='¿Cuál es la ventaja de la robustez en una red?')),
('Poder continuar operando después de una falla total', False, (SELECT id from evaluaciones_pregunta where contenido='¿Cuál es la ventaja de la robustez en una red?')),
('No tiene ventajas', False, (SELECT id from evaluaciones_pregunta where contenido='¿Cuál es la ventaja de la robustez en una red?')),
('Poder continuar operando después de una falla parcial', True, (SELECT id from evaluaciones_pregunta where contenido='¿Cuál es la ventaja de la robustez en una red?')),
('Una vez aprendido, la velocidad de respuesta aumenta', True, (SELECT id from evaluaciones_pregunta where contenido='¿Cómo se asemeja una red con el cerebro humano en términos de velocidad?')),
('Una vez aprendido, la velocidad de respuesta disminuye', False, (SELECT id from evaluaciones_pregunta where contenido='¿Cómo se asemeja una red con el cerebro humano en términos de velocidad?')),
('Aprende muy rápido', False, (SELECT id from evaluaciones_pregunta where contenido='¿Cómo se asemeja una red con el cerebro humano en términos de velocidad?')),
('Aprende muy lento', False, (SELECT id from evaluaciones_pregunta where contenido='¿Cómo se asemeja una red con el cerebro humano en términos de velocidad?')),
('Máquina continua con una entrada y una salida', False, (SELECT id from evaluaciones_pregunta where contenido='¿Cómo definieron McCullough y Pitts a la neurona?')),
('Máquina binaria con varias entradas y varias salidas', True, (SELECT id from evaluaciones_pregunta where contenido='¿Cómo definieron McCullough y Pitts a la neurona?')),
('Máquina binaria con varias entradas y una salida', False, (SELECT id from evaluaciones_pregunta where contenido='¿Cómo definieron McCullough y Pitts a la neurona?')),
('Máquina continua con varias entradas y varias salidas', False, (SELECT id from evaluaciones_pregunta where contenido='¿Cómo definieron McCullough y Pitts a la neurona?')),
('Sinapsis', True, (SELECT id from evaluaciones_pregunta where contenido='Hebb definió la localización del aprendizaje, ¿En dónde?')),
('Neuronas', False, (SELECT id from evaluaciones_pregunta where contenido='Hebb definió la localización del aprendizaje, ¿En dónde?')),
('Capa de salida', False, (SELECT id from evaluaciones_pregunta where contenido='Hebb definió la localización del aprendizaje, ¿En dónde?')),
('Datos', False, (SELECT id from evaluaciones_pregunta where contenido='Hebb definió la localización del aprendizaje, ¿En dónde?')),
('Neuronas pre-sinápticas', False, (SELECT id from evaluaciones_pregunta where contenido='En que se basan los cambios de los pesos según Hebb:')),
('Neuronas post-sinápticas', False, (SELECT id from evaluaciones_pregunta where contenido='En que se basan los cambios de los pesos según Hebb:')),
('Interacción entre ambas', True, (SELECT id from evaluaciones_pregunta where contenido='En que se basan los cambios de los pesos según Hebb:')),
('Ninguna de las anteriores', False, (SELECT id from evaluaciones_pregunta where contenido='En que se basan los cambios de los pesos según Hebb:')),
('La red neuronal más antigua', True, (SELECT id from evaluaciones_pregunta where contenido='El perceptrón es:')),
('La red neuronal más reciente', False, (SELECT id from evaluaciones_pregunta where contenido='El perceptrón es:')),
('La red neuronal más avanzada', False, (SELECT id from evaluaciones_pregunta where contenido='El perceptrón es:')),
('Ninguna de las anteriores', False, (SELECT id from evaluaciones_pregunta where contenido='El perceptrón es:')),
('Transmisión de datos', False, (SELECT id from evaluaciones_pregunta where contenido='El primer uso de las redes neuronales en problemas reales fue:')),
('Filtro adaptativo para videos', False, (SELECT id from evaluaciones_pregunta where contenido='El primer uso de las redes neuronales en problemas reales fue:')),
('Transmisión de video', False, (SELECT id from evaluaciones_pregunta where contenido='El primer uso de las redes neuronales en problemas reales fue:')),
('Filtro adaptativo para línea telefónica', True, (SELECT id from evaluaciones_pregunta where contenido='El primer uso de las redes neuronales en problemas reales fue:')),
('Perceptrón', False, (SELECT id from evaluaciones_pregunta where contenido='El filtro adaptativo para eliminar ecos en las líneas telefónicas, ¿surgió a partir de qué?')),
('Adeline y Madeline', True, (SELECT id from evaluaciones_pregunta where contenido='El filtro adaptativo para eliminar ecos en las líneas telefónicas, ¿surgió a partir de qué?')),
('Red Recurrente', False, (SELECT id from evaluaciones_pregunta where contenido='El filtro adaptativo para eliminar ecos en las líneas telefónicas, ¿surgió a partir de qué?')),
('Red Profunda', False, (SELECT id from evaluaciones_pregunta where contenido='El filtro adaptativo para eliminar ecos en las líneas telefónicas, ¿surgió a partir de qué?')),
('Reconocer y separar voces', False, (SELECT id from evaluaciones_pregunta where contenido='¿De qué era capaz el perceptrón en sus inicios?')),
('Reconocer patrones en videos', False, (SELECT id from evaluaciones_pregunta where contenido='¿De qué era capaz el perceptrón en sus inicios?')),
('Eliminar ecos de líneas telefónicas', False, (SELECT id from evaluaciones_pregunta where contenido='¿De qué era capaz el perceptrón en sus inicios?')),
('Reconocer y clasificar determinadas figuras', True, (SELECT id from evaluaciones_pregunta where contenido='¿De qué era capaz el perceptrón en sus inicios?')),
('Hebb dejó de estudiarlas', False, (SELECT id from evaluaciones_pregunta where contenido='¿Por qué en 1969 se perdió el interés por las redes neuronales?')),
('Rosenblatt no logró profundizar el tema', False, (SELECT id from evaluaciones_pregunta where contenido='¿Por qué en 1969 se perdió el interés por las redes neuronales?')),
('Widrow no logra probar su teoría', False, (SELECT id from evaluaciones_pregunta where contenido='¿Por qué en 1969 se perdió el interés por las redes neuronales?')),
('Minsky y Pappert resaltaron las limitaciones del perceptrón', True, (SELECT id from evaluaciones_pregunta where contenido='¿Por qué en 1969 se perdió el interés por las redes neuronales?')),
('50s', False, (SELECT id from evaluaciones_pregunta where contenido='¿En cuál década se retoma el interés por las redes neuronales?')),
('60s', False, (SELECT id from evaluaciones_pregunta where contenido='¿En cuál década se retoma el interés por las redes neuronales?')),
('80s', True, (SELECT id from evaluaciones_pregunta where contenido='¿En cuál década se retoma el interés por las redes neuronales?')),
('70s', False, (SELECT id from evaluaciones_pregunta where contenido='¿En cuál década se retoma el interés por las redes neuronales?')),
('Redes Hopfield', False, (SELECT id from evaluaciones_pregunta where contenido='¿Cuál fue el único avance importante en la década de los 70s?')),
('Algoritmo de retropropagación', True, (SELECT id from evaluaciones_pregunta where contenido='¿Cuál fue el único avance importante en la década de los 70s?')),
('Memoria direccional', False, (SELECT id from evaluaciones_pregunta where contenido='¿Cuál fue el único avance importante en la década de los 70s?')),
('Perceptrón', False, (SELECT id from evaluaciones_pregunta where contenido='¿Cuál fue el único avance importante en la década de los 70s?')),
('Se descubrió y utilizó de una vez', False, (SELECT id from evaluaciones_pregunta where contenido='El algoritmo de retropropagación:')),
('Se descubrió y luego fue redescubierto', True, (SELECT id from evaluaciones_pregunta where contenido='El algoritmo de retropropagación:')),
('Se descubrió y nunca se pudo utilizar', False, (SELECT id from evaluaciones_pregunta where contenido='El algoritmo de retropropagación:')),
('Ninguna de las anteriores', False, (SELECT id from evaluaciones_pregunta where contenido='El algoritmo de retropropagación:')),
('Silicio', True, (SELECT id from evaluaciones_pregunta where contenido='¿Cuál material vuelve a la red mucho más rápida que las de software?')),
('Metal', False, (SELECT id from evaluaciones_pregunta where contenido='¿Cuál material vuelve a la red mucho más rápida que las de software?')),
('Acero', False, (SELECT id from evaluaciones_pregunta where contenido='¿Cuál material vuelve a la red mucho más rápida que las de software?')),
('Cobre', False, (SELECT id from evaluaciones_pregunta where contenido='¿Cuál material vuelve a la red mucho más rápida que las de software?')),
('Reconocimiento de voz', False, (SELECT id from evaluaciones_pregunta where contenido='En la actualidad se pueden encontrar redes neuronales en:')),
('Videojuegos', False, (SELECT id from evaluaciones_pregunta where contenido='En la actualidad se pueden encontrar redes neuronales en:')),
('Programas contabilidad', False, (SELECT id from evaluaciones_pregunta where contenido='En la actualidad se pueden encontrar redes neuronales en:')),
('Todas las anteriores', True, (SELECT id from evaluaciones_pregunta where contenido='En la actualidad se pueden encontrar redes neuronales en:')),
('Predicción de la lotería', False, (SELECT id from evaluaciones_pregunta where contenido='En la actualidad se pueden encontrar redes neuronales en:')),
('Apoyo Medicinal', True, (SELECT id from evaluaciones_pregunta where contenido='En la actualidad se pueden encontrar redes neuronales en:')),
('Transmisiones de T.V', False, (SELECT id from evaluaciones_pregunta where contenido='En la actualidad se pueden encontrar redes neuronales en:')),
('Calculadoras simples', False, (SELECT id from evaluaciones_pregunta where contenido='En la actualidad se pueden encontrar redes neuronales en:')),
('Simple y Complejo', False, (SELECT id from evaluaciones_pregunta where contenido='¿Cuáles son los tipos de perceptrones?')),
('Complejo y Completo', False, (SELECT id from evaluaciones_pregunta where contenido='¿Cuáles son los tipos de perceptrones?')),
('Simple y Multicapa', True, (SELECT id from evaluaciones_pregunta where contenido='¿Cuáles son los tipos de perceptrones?')),
('Multicapa y Unicapa', False, (SELECT id from evaluaciones_pregunta where contenido='¿Cuáles son los tipos de perceptrones?')),
('Recuerdan valores actuales', False, (SELECT id from evaluaciones_pregunta where contenido='Las Redes Neuronales recurrentes:')),
('Recuerdan valores antiguos', True, (SELECT id from evaluaciones_pregunta where contenido='Las Redes Neuronales recurrentes:')),
('No recuerda nada', False, (SELECT id from evaluaciones_pregunta where contenido='Las Redes Neuronales recurrentes:')),
('Recuerdan valores antiguos y actuales', False, (SELECT id from evaluaciones_pregunta where contenido='Las Redes Neuronales recurrentes:')),
('Tres', False, (SELECT id from evaluaciones_pregunta where contenido='¿Por cuantas redes están conformadas las Redes Generativas Antagónicas?')),
('Cinco', False, (SELECT id from evaluaciones_pregunta where contenido='¿Por cuantas redes están conformadas las Redes Generativas Antagónicas?')),
('Una', False, (SELECT id from evaluaciones_pregunta where contenido='¿Por cuantas redes están conformadas las Redes Generativas Antagónicas?')),
('Dos', True, (SELECT id from evaluaciones_pregunta where contenido='¿Por cuantas redes están conformadas las Redes Generativas Antagónicas?')),
('Redes de Creencia Profunda', True, (SELECT id from evaluaciones_pregunta where contenido='Red capaz de aprender distribuciones de probabilidades:')),
('Redes Neuronales Recurrentes', False, (SELECT id from evaluaciones_pregunta where contenido='Red capaz de aprender distribuciones de probabilidades:')),
('Perceptrón Multicapa', False, (SELECT id from evaluaciones_pregunta where contenido='Red capaz de aprender distribuciones de probabilidades:')),
('Redes Generativas Antagónicas', False, (SELECT id from evaluaciones_pregunta where contenido='Red capaz de aprender distribuciones de probabilidades:')),
('Redes de Creencia Profunda', False, (SELECT id from evaluaciones_pregunta where contenido='Red capaz de predecir:')),
('Redes Neuronales Recurrentes', True, (SELECT id from evaluaciones_pregunta where contenido='Red capaz de predecir:')),
('Perceptrón Multicapa', False, (SELECT id from evaluaciones_pregunta where contenido='Red capaz de predecir:')),
('Redes Generativas Antagónicas', False, (SELECT id from evaluaciones_pregunta where contenido='Red capaz de predecir:')),
('No linealmente separables', False, (SELECT id from evaluaciones_pregunta where contenido='¿Qué tipo de patrones reconoce el perceptrón simple?')),
('Linealmente separables', True, (SELECT id from evaluaciones_pregunta where contenido='¿Qué tipo de patrones reconoce el perceptrón simple?')),
('Ambos', False, (SELECT id from evaluaciones_pregunta where contenido='¿Qué tipo de patrones reconoce el perceptrón simple?')),
('Ninguno', False, (SELECT id from evaluaciones_pregunta where contenido='¿Qué tipo de patrones reconoce el perceptrón simple?')),
('Una neurona', False, (SELECT id from evaluaciones_pregunta where contenido='El perceptrón simple se considera:')),
('Una neurona binaria', False, (SELECT id from evaluaciones_pregunta where contenido='El perceptrón simple se considera:')),
('Una neurona artificial', True, (SELECT id from evaluaciones_pregunta where contenido='El perceptrón simple se considera:')),
('Ninguna de las anteriores', False, (SELECT id from evaluaciones_pregunta where contenido='El perceptrón simple se considera:')),
('Bidireccional', False, (SELECT id from evaluaciones_pregunta where contenido='El perceptrón simple es un modelo:')),
('Multidireccional', False, (SELECT id from evaluaciones_pregunta where contenido='El perceptrón simple es un modelo:')),
('Tridireccional', False, (SELECT id from evaluaciones_pregunta where contenido='El perceptrón simple es un modelo:')),
('Unidireccional', True, (SELECT id from evaluaciones_pregunta where contenido='El perceptrón simple es un modelo:')),
('Dos', True, (SELECT id from evaluaciones_pregunta where contenido='¿Cuántas capas tiene un perceptrón simple?')),
('Tres', False, (SELECT id from evaluaciones_pregunta where contenido='¿Cuántas capas tiene un perceptrón simple?')),
('Las que sean necesarias', False, (SELECT id from evaluaciones_pregunta where contenido='¿Cuántas capas tiene un perceptrón simple?')),
('Una', False, (SELECT id from evaluaciones_pregunta where contenido='¿Cuántas capas tiene un perceptrón simple?')),
('Pesos sinápticos, umbral y función de activación', True, (SELECT id from evaluaciones_pregunta where contenido='Además de las capas ¿de qué está compuesto el perceptrón simple?')),
('Umbral', False, (SELECT id from evaluaciones_pregunta where contenido='Además de las capas ¿de qué está compuesto el perceptrón simple?')),
('Umbral y pesos sinápticos', False, (SELECT id from evaluaciones_pregunta where contenido='Además de las capas ¿de qué está compuesto el perceptrón simple?')),
('Ninguno de los anteriores', False, (SELECT id from evaluaciones_pregunta where contenido='Además de las capas ¿de qué está compuesto el perceptrón simple?')),
('Define la entrada', False, (SELECT id from evaluaciones_pregunta where contenido='La función de activación:')),
('Define la salida', True, (SELECT id from evaluaciones_pregunta where contenido='La función de activación:')),
('Ambas', False, (SELECT id from evaluaciones_pregunta where contenido='La función de activación:')),
('Ninguna', False, (SELECT id from evaluaciones_pregunta where contenido='La función de activación:')),
('Binarias', False, (SELECT id from evaluaciones_pregunta where contenido='La entradas, salidas y la función de activación son:')),
('Continuas', False, (SELECT id from evaluaciones_pregunta where contenido='La entradas, salidas y la función de activación son:')),
('Ninguna', False, (SELECT id from evaluaciones_pregunta where contenido='La entradas, salidas y la función de activación son:')),
('Ambas', True, (SELECT id from evaluaciones_pregunta where contenido='La entradas, salidas y la función de activación son:')),
('{0,1} o {-1,1}', True, (SELECT id from evaluaciones_pregunta where contenido='Un valor binario puede ser:')),
('[-1,1]', False, (SELECT id from evaluaciones_pregunta where contenido='Un valor binario puede ser:')),
('[0,1] o [-1,1]', False, (SELECT id from evaluaciones_pregunta where contenido='Un valor binario puede ser:')),
('{0,1}', False, (SELECT id from evaluaciones_pregunta where contenido='Un valor binario puede ser:')),
('{0,1} o {-1,1}', False, (SELECT id from evaluaciones_pregunta where contenido='Un valor continuo puede ser:')),
('[-1,1]', True, (SELECT id from evaluaciones_pregunta where contenido='Un valor continuo puede ser:')),
('[0,1] o [-1,1]', False, (SELECT id from evaluaciones_pregunta where contenido='Un valor continuo puede ser:')),
('{0,1}', False, (SELECT id from evaluaciones_pregunta where contenido='Un valor continuo puede ser:')),
('Por si solo', False, (SELECT id from evaluaciones_pregunta where contenido='¿Cuándo es un perceptrón más útil?')),
('Varios anidados para formar una red', True, (SELECT id from evaluaciones_pregunta where contenido='¿Cuándo es un perceptrón más útil?')),
('De cualquier manera', False, (SELECT id from evaluaciones_pregunta where contenido='¿Cuándo es un perceptrón más útil?')),
('Uniendo 2 perceptrons', False, (SELECT id from evaluaciones_pregunta where contenido='¿Cuándo es un perceptrón más útil?')),
('No poder resolver problemas con más de 1 entrada', False, (SELECT id from evaluaciones_pregunta where contenido='¿Cuál es la principal limitación de un perceptrón simple?')),
('No poder resolver problemas con más de 1 salida', False, (SELECT id from evaluaciones_pregunta where contenido='¿Cuál es la principal limitación de un perceptrón simple?')),
('No poder resolver problemas no linealmente separables', True, (SELECT id from evaluaciones_pregunta where contenido='¿Cuál es la principal limitación de un perceptrón simple?')),
('No poder resolver problemas linealmente separables', False, (SELECT id from evaluaciones_pregunta where contenido='¿Cuál es la principal limitación de un perceptrón simple?')),
('XOR', True, (SELECT id from evaluaciones_pregunta where contenido='¿Cuáles de las siguientes compuertas no puede ser resuelta por un perceptrón simple?')),
('AND', False, (SELECT id from evaluaciones_pregunta where contenido='¿Cuáles de las siguientes compuertas no puede ser resuelta por un perceptrón simple?')),
('OR', False, (SELECT id from evaluaciones_pregunta where contenido='¿Cuáles de las siguientes compuertas no puede ser resuelta por un perceptrón simple?')),
('Todas puede ser resultas', False, (SELECT id from evaluaciones_pregunta where contenido='¿Cuáles de las siguientes compuertas no puede ser resuelta por un perceptrón simple?')),
('No supervisado', False, (SELECT id from evaluaciones_pregunta where contenido='El entrenamiento del perceptrón simple es:')),
('Semi-supervisado', False, (SELECT id from evaluaciones_pregunta where contenido='El entrenamiento del perceptrón simple es:')),
('Supervisado', True, (SELECT id from evaluaciones_pregunta where contenido='El entrenamiento del perceptrón simple es:')),
('Ninguna de las anteriores', False, (SELECT id from evaluaciones_pregunta where contenido='El entrenamiento del perceptrón simple es:')),
('Asignación aleatoria de pesos', True, (SELECT id from evaluaciones_pregunta where contenido='El primer paso del entrenamiento es:')),
('Determinación de la salida', False, (SELECT id from evaluaciones_pregunta where contenido='El primer paso del entrenamiento es:')),
('Aplicación de función de activación', False, (SELECT id from evaluaciones_pregunta where contenido='El primer paso del entrenamiento es:')),
('Restar el umbral', False, (SELECT id from evaluaciones_pregunta where contenido='El primer paso del entrenamiento es:')),
('Asignación aleatoria de pesos', False, (SELECT id from evaluaciones_pregunta where contenido='El segundo paso del entrenamiento es:')),
('Determinación de la salida', True, (SELECT id from evaluaciones_pregunta where contenido='El segundo paso del entrenamiento es:')),
('Aplicación de función de activación', False, (SELECT id from evaluaciones_pregunta where contenido='El segundo paso del entrenamiento es:')),
('Restar el umbral', False, (SELECT id from evaluaciones_pregunta where contenido='El segundo paso del entrenamiento es:')),
('Asignación aleatoria de pesos', False, (SELECT id from evaluaciones_pregunta where contenido='El tercer paso del entrenamiento es:')),
('Comparación entre respuesta obtenida y deseada', False, (SELECT id from evaluaciones_pregunta where contenido='El tercer paso del entrenamiento es:')),
('Aplicación de función de activación', False, (SELECT id from evaluaciones_pregunta where contenido='El tercer paso del entrenamiento es:')),
(' Restar el umbral', True, (SELECT id from evaluaciones_pregunta where contenido='El tercer paso del entrenamiento es:')),
('Actualización de pesos', False, (SELECT id from evaluaciones_pregunta where contenido='El cuarto paso del entrenamiento es:')),
('Determinación de la salida', False, (SELECT id from evaluaciones_pregunta where contenido='El cuarto paso del entrenamiento es:')),
('Aplicación de función de activación', True, (SELECT id from evaluaciones_pregunta where contenido='El cuarto paso del entrenamiento es:')),
('Restar el umbral', False, (SELECT id from evaluaciones_pregunta where contenido='El cuarto paso del entrenamiento es:')),
('Asignación aleatoria de pesos', False, (SELECT id from evaluaciones_pregunta where contenido='El quinto paso del entrenamiento es:')),
('Determinación de la salida', False, (SELECT id from evaluaciones_pregunta where contenido='El quinto paso del entrenamiento es:')),
('Comparación entre respuesta obtenida y deseada', True, (SELECT id from evaluaciones_pregunta where contenido='El quinto paso del entrenamiento es:')),
('Actualización de pesos', False, (SELECT id from evaluaciones_pregunta where contenido='El quinto paso del entrenamiento es:')),
('Asignación aleatoria de pesos', False, (SELECT id from evaluaciones_pregunta where contenido='El sexto paso y último paso del entrenamiento es:')),
('Actualización de pesos', True, (SELECT id from evaluaciones_pregunta where contenido='El sexto paso y último paso del entrenamiento es:')),
('Comparación entre respuesta obtenida y deseada', False, (SELECT id from evaluaciones_pregunta where contenido='El sexto paso y último paso del entrenamiento es:')),
('Restar el umbral', False, (SELECT id from evaluaciones_pregunta where contenido='El sexto paso y último paso del entrenamiento es:')),
('Verdadero', False, (SELECT id from evaluaciones_pregunta where contenido='La actualización de pesos es obligatoriamente con tasa de aprendizaje:')),
('Falso', True, (SELECT id from evaluaciones_pregunta where contenido='La actualización de pesos es obligatoriamente con tasa de aprendizaje:')),
('-', False, (SELECT id from evaluaciones_pregunta where contenido='La actualización de pesos es obligatoriamente con tasa de aprendizaje:')),
('-', False, (SELECT id from evaluaciones_pregunta where contenido='La actualización de pesos es obligatoriamente con tasa de aprendizaje:')),
('Verdadero', True, (SELECT id from evaluaciones_pregunta where contenido='La actualización de pesos se puede realizar con o sin taza de aprendizaje:')),
('Falso', False, (SELECT id from evaluaciones_pregunta where contenido='La actualización de pesos se puede realizar con o sin taza de aprendizaje:')),
('-', False, (SELECT id from evaluaciones_pregunta where contenido='La actualización de pesos se puede realizar con o sin taza de aprendizaje:')),
('-', False, (SELECT id from evaluaciones_pregunta where contenido='La actualización de pesos se puede realizar con o sin taza de aprendizaje:')),
('Verdadero', False, (SELECT id from evaluaciones_pregunta where contenido='Los umbrales se utilizan siempre de manera obligatoria:')),
(' Falso', True, (SELECT id from evaluaciones_pregunta where contenido='Los umbrales se utilizan siempre de manera obligatoria:')),
('-', False, (SELECT id from evaluaciones_pregunta where contenido='Los umbrales se utilizan siempre de manera obligatoria:')),
('-', False, (SELECT id from evaluaciones_pregunta where contenido='Los umbrales se utilizan siempre de manera obligatoria:')),
('Varias capas de perceptrones', True, (SELECT id from evaluaciones_pregunta where contenido='El perceptrón multicapa está conformado por:')),
('Una capa de perceptrones', False, (SELECT id from evaluaciones_pregunta where contenido='El perceptrón multicapa está conformado por:')),
('2 capas de perceptrones', False, (SELECT id from evaluaciones_pregunta where contenido='El perceptrón multicapa está conformado por:')),
('1 solo perceptrón', False, (SELECT id from evaluaciones_pregunta where contenido='El perceptrón multicapa está conformado por:')),
('Resolver problemas linealmente separables', False, (SELECT id from evaluaciones_pregunta where contenido='¿Cuál es el propósito fundamental del perceptrón multicapa?')),
('Resolver problemas que no sean linealmente separables', True, (SELECT id from evaluaciones_pregunta where contenido='¿Cuál es el propósito fundamental del perceptrón multicapa?')),
('Ambos', False, (SELECT id from evaluaciones_pregunta where contenido='¿Cuál es el propósito fundamental del perceptrón multicapa?')),
('Ninguno', False, (SELECT id from evaluaciones_pregunta where contenido='¿Cuál es el propósito fundamental del perceptrón multicapa?')),
('Al menos 2', False, (SELECT id from evaluaciones_pregunta where contenido='¿Cuántas capas debe tener el perceptrón multicapa?')),
('Al menos 1', False, (SELECT id from evaluaciones_pregunta where contenido='¿Cuántas capas debe tener el perceptrón multicapa?')),
('Al menos 4', False, (SELECT id from evaluaciones_pregunta where contenido='¿Cuántas capas debe tener el perceptrón multicapa?')),
('Al menos 3', True, (SELECT id from evaluaciones_pregunta where contenido='¿Cuántas capas debe tener el perceptrón multicapa?')),
('Oculta', True, (SELECT id from evaluaciones_pregunta where contenido='¿Cómo se llaman las capas que están entre la capa de entrada y la de salida?')),
('Invisible', False, (SELECT id from evaluaciones_pregunta where contenido='¿Cómo se llaman las capas que están entre la capa de entrada y la de salida?')),
('Intermedia', False, (SELECT id from evaluaciones_pregunta where contenido='¿Cómo se llaman las capas que están entre la capa de entrada y la de salida?')),
('Ninguna de las anteriores', False, (SELECT id from evaluaciones_pregunta where contenido='¿Cómo se llaman las capas que están entre la capa de entrada y la de salida?')),
('Al menos 2', False, (SELECT id from evaluaciones_pregunta where contenido='¿Cuántas capas ocultas debe tener el perceptrón multicapa?')),
('Al menos 1', True, (SELECT id from evaluaciones_pregunta where contenido='¿Cuántas capas ocultas debe tener el perceptrón multicapa?')),
('Al menos 4', False, (SELECT id from evaluaciones_pregunta where contenido='¿Cuántas capas ocultas debe tener el perceptrón multicapa?')),
('Al menos 3', False, (SELECT id from evaluaciones_pregunta where contenido='¿Cuántas capas ocultas debe tener el perceptrón multicapa?')),
('Provienen del conjunto de datos', False, (SELECT id from evaluaciones_pregunta where contenido='Las entradas de una capa oculta:')),
('Provienen de una capa anterior', True, (SELECT id from evaluaciones_pregunta where contenido='Las entradas de una capa oculta:')),
('Provienen del resultado', False, (SELECT id from evaluaciones_pregunta where contenido='Las entradas de una capa oculta:')),
('Ninguna de las anteriores', False, (SELECT id from evaluaciones_pregunta where contenido='Las entradas de una capa oculta:')),
('Son el resultado de la red', False, (SELECT id from evaluaciones_pregunta where contenido='Las salidas de una capa oculta:')),
('Son la entrada de la red', False, (SELECT id from evaluaciones_pregunta where contenido='Las salidas de una capa oculta:')),
('Son la entrada de la capa siguiente', True, (SELECT id from evaluaciones_pregunta where contenido='Las salidas de una capa oculta:')),
('Ninguna de las anteriores', False, (SELECT id from evaluaciones_pregunta where contenido='Las salidas de una capa oculta:')),
('Cada neurona de la capa "i" es entrada de una serie de neuronas (región) de la capa "i+1"', False, (SELECT id from evaluaciones_pregunta where contenido='¿Cómo es un perceptrón multicapa totalmente conectado?')),
('Cada salida de una neurona de la capa "i" es entrada de todas las neuronas de la capa "i+1"', True, (SELECT id from evaluaciones_pregunta where contenido='¿Cómo es un perceptrón multicapa totalmente conectado?')),
('Cada neurona de la capa "i+1" es entrada de una serie de neuronas (región) de la capa "i”', False, (SELECT id from evaluaciones_pregunta where contenido='¿Cómo es un perceptrón multicapa totalmente conectado?')),
('Cada salida de una neurona de la capa "i" es entrada de todas las neuronas de la capa "i+2"', False, (SELECT id from evaluaciones_pregunta where contenido='¿Cómo es un perceptrón multicapa totalmente conectado?')),
 ('Cada salida de una neurona de la capa "i" es entrada de todas las neuronas de la capa "i+1"', False, (SELECT id from evaluaciones_pregunta where contenido='¿Cómo es un perceptrón multicapa localmente conectado?')),
('Cada neurona de la capa "i+1" es entrada de una serie de neuronas (región) de la capa "i"', False, (SELECT id from evaluaciones_pregunta where contenido='¿Cómo es un perceptrón multicapa localmente conectado?')),
(' Cada neurona de la capa "i" es entrada de una serie de neuronas (región) de la capa "i+1"', True, (SELECT id from evaluaciones_pregunta where contenido='¿Cómo es un perceptrón multicapa localmente conectado?')),
('Cada salida de una neurona de la capa "i" es entrada de todas las neuronas de la capa "i+2"', False, (SELECT id from evaluaciones_pregunta where contenido='¿Cómo es un perceptrón multicapa localmente conectado?')),
('Como una neurona más', False, (SELECT id from evaluaciones_pregunta where contenido='¿Cómo se trata al umbral en un perceptrón multicapa?')),
('Como una conexión más', True, (SELECT id from evaluaciones_pregunta where contenido='¿Cómo se trata al umbral en un perceptrón multicapa?')),
('Como una entrada más', False, (SELECT id from evaluaciones_pregunta where contenido='¿Cómo se trata al umbral en un perceptrón multicapa?')),
('Ninguna de las anteriores', False, (SELECT id from evaluaciones_pregunta where contenido='¿Cómo se trata al umbral en un perceptrón multicapa?')),
('Verdadero', True, (SELECT id from evaluaciones_pregunta where contenido='¿La entrada del umbral es constante?')),
('Falso', False, (SELECT id from evaluaciones_pregunta where contenido='¿La entrada del umbral es constante?')),
('-', False, (SELECT id from evaluaciones_pregunta where contenido='¿La entrada del umbral es constante?')),
('-', False, (SELECT id from evaluaciones_pregunta where contenido='¿La entrada del umbral es constante?')),
('3', False, (SELECT id from evaluaciones_pregunta where contenido='La entrada del umbral es igual a:')),
('No es constante', False, (SELECT id from evaluaciones_pregunta where contenido='La entrada del umbral es igual a:')),
('1', True, (SELECT id from evaluaciones_pregunta where contenido='La entrada del umbral es igual a:')),
('No se puede saber sin datos', False, (SELECT id from evaluaciones_pregunta where contenido='La entrada del umbral es igual a:')),
('No lo afecta', False, (SELECT id from evaluaciones_pregunta where contenido='¿De qué manera afectan los mínimos locales al perceptrón multicapa?')),
('Detienen el entrenamiento, aunque no se alcance pesos ideales', True, (SELECT id from evaluaciones_pregunta where contenido='¿De qué manera afectan los mínimos locales al perceptrón multicapa?')),
('Detienen el entrenamiento con los pesos óptimos', False, (SELECT id from evaluaciones_pregunta where contenido='¿De qué manera afectan los mínimos locales al perceptrón multicapa?')),
('Dejan continuar el entrenamiento', False, (SELECT id from evaluaciones_pregunta where contenido='¿De qué manera afectan los mínimos locales al perceptrón multicapa?')),
('No pasa nada', False, (SELECT id from evaluaciones_pregunta where contenido='¿Qué pasa si el perceptrón multicapa se entrena mal o insuficientemente?')),
('Las salidas son más precisas', False, (SELECT id from evaluaciones_pregunta where contenido='¿Qué pasa si el perceptrón multicapa se entrena mal o insuficientemente?')),
('Las salidas pueden ser imprecisas', True, (SELECT id from evaluaciones_pregunta where contenido='¿Qué pasa si el perceptrón multicapa se entrena mal o insuficientemente?')),
('Los pesos son los óptimos', False, (SELECT id from evaluaciones_pregunta where contenido='¿Qué pasa si el perceptrón multicapa se entrena mal o insuficientemente?')),
('Entrenamiento', False, (SELECT id from evaluaciones_pregunta where contenido='¿Cuál es el primer paso de la elaboración de un perceptrón multicapa?')),
('Diseño', True, (SELECT id from evaluaciones_pregunta where contenido='¿Cuál es el primer paso de la elaboración de un perceptrón multicapa?')),
('Comparación de valores', False, (SELECT id from evaluaciones_pregunta where contenido='¿Cuál es el primer paso de la elaboración de un perceptrón multicapa?')),
('Ninguno de los anteriores', False, (SELECT id from evaluaciones_pregunta where contenido='¿Cuál es el primer paso de la elaboración de un perceptrón multicapa?')),
('Determinar la función de activación a utilizar', False, (SELECT id from evaluaciones_pregunta where contenido='¿Qué se hace en el diseño de la red?')),
('Determinar el número de neuronas y capas', False, (SELECT id from evaluaciones_pregunta where contenido='¿Qué se hace en el diseño de la red?')),
(' Ambas', True, (SELECT id from evaluaciones_pregunta where contenido='¿Qué se hace en el diseño de la red?')),
('Ninguna', False, (SELECT id from evaluaciones_pregunta where contenido='¿Qué se hace en el diseño de la red?')),
('El número de datos de entrada', True, (SELECT id from evaluaciones_pregunta where contenido='¿Qué define el número de neuronas de entrada de un perceptrón multicapa?')),
('La función de activación que se utilizara', False, (SELECT id from evaluaciones_pregunta where contenido='¿Qué define el número de neuronas de entrada de un perceptrón multicapa?')),
('Ambas', False, (SELECT id from evaluaciones_pregunta where contenido='¿Qué define el número de neuronas de entrada de un perceptrón multicapa?')),
('Ninguna', False, (SELECT id from evaluaciones_pregunta where contenido='¿Qué define el número de neuronas de entrada de un perceptrón multicapa?')),
('La función de activación', False, (SELECT id from evaluaciones_pregunta where contenido='¿Qué define el número de neuronas de salida de un perceptrón multicapa?')),
('El número de salidas que debe tener el problema', True, (SELECT id from evaluaciones_pregunta where contenido='¿Qué define el número de neuronas de salida de un perceptrón multicapa?')),
('El número de neuronas de la capa anterior', False, (SELECT id from evaluaciones_pregunta where contenido='¿Qué define el número de neuronas de salida de un perceptrón multicapa?')),
('El número de datos de entrada', False, (SELECT id from evaluaciones_pregunta where contenido='¿Qué define el número de neuronas de salida de un perceptrón multicapa?')),
('Problema no apto para el perceptrón multicapa', False, (SELECT id from evaluaciones_pregunta where contenido='En caso de no conocer las variables relevantes:')),
('Realizar análisis para determinar el número', True, (SELECT id from evaluaciones_pregunta where contenido='En caso de no conocer las variables relevantes:')),
('Asignar aleatoriamente los números', False, (SELECT id from evaluaciones_pregunta where contenido='En caso de no conocer las variables relevantes:')),
('Ninguna de las anteriores', False, (SELECT id from evaluaciones_pregunta where contenido='En caso de no conocer las variables relevantes:')),
('Análisis de correlación', False, (SELECT id from evaluaciones_pregunta where contenido='¿Cuál es el método y/o regla para determinar el número de capas ocultas así como la cantidad de neuronas en ellas?')),
('Investigación', False, (SELECT id from evaluaciones_pregunta where contenido='¿Cuál es el método y/o regla para determinar el número de capas ocultas así como la cantidad de neuronas en ellas?')),
('Cálculo matemático a partir de las capas de entrada y salida', False, (SELECT id from evaluaciones_pregunta where contenido='¿Cuál es el método y/o regla para determinar el número de capas ocultas así como la cantidad de neuronas en ellas?')),
('Ninguna de las anteriores', True, (SELECT id from evaluaciones_pregunta where contenido='¿Cuál es el método y/o regla para determinar el número de capas ocultas así como la cantidad de neuronas en ellas?')),
('Cálculos matemáticos', False, (SELECT id from evaluaciones_pregunta where contenido='En la mayoría de los casos para determinar las capas ocultas se realiza:')),
('Análisis de sensibilidad', False, (SELECT id from evaluaciones_pregunta where contenido='En la mayoría de los casos para determinar las capas ocultas se realiza:')),
('Nada', False, (SELECT id from evaluaciones_pregunta where contenido='En la mayoría de los casos para determinar las capas ocultas se realiza:')),
('Prueba y error', True, (SELECT id from evaluaciones_pregunta where contenido='En la mayoría de los casos para determinar las capas ocultas se realiza:')),
('Capas de entrada, ocultas y salida', False, (SELECT id from evaluaciones_pregunta where contenido='La función de activación es aplicada en:')),
('Capa de salida', False, (SELECT id from evaluaciones_pregunta where contenido='La función de activación es aplicada en:')),
('Capas ocultas y de salida', True, (SELECT id from evaluaciones_pregunta where contenido='La función de activación es aplicada en:')),
('Capa de entrada', False, (SELECT id from evaluaciones_pregunta where contenido='La función de activación es aplicada en:')),
('Tangente Hiperbólica', True, (SELECT id from evaluaciones_pregunta where contenido='¿Cuál de estas funciones es común para el perceptrón multicapa?')),
('Escalón', False, (SELECT id from evaluaciones_pregunta where contenido='¿Cuál de estas funciones es común para el perceptrón multicapa?')),
('Signo', False, (SELECT id from evaluaciones_pregunta where contenido='¿Cuál de estas funciones es común para el perceptrón multicapa?')),
('Cuadrática', False, (SELECT id from evaluaciones_pregunta where contenido='¿Cuál de estas funciones es común para el perceptrón multicapa?')),
('Escalón', False, (SELECT id from evaluaciones_pregunta where contenido='¿De estas funciones cual es común para el perceptrón multicapa?')),
('Signo', False, (SELECT id from evaluaciones_pregunta where contenido='¿De estas funciones cual es común para el perceptrón multicapa?')),
('Sigmoidal', True, (SELECT id from evaluaciones_pregunta where contenido='¿De estas funciones cual es común para el perceptrón multicapa?')),
('Cuadrática', False, (SELECT id from evaluaciones_pregunta where contenido='¿De estas funciones cual es común para el perceptrón multicapa?')),
('Binarias', False, (SELECT id from evaluaciones_pregunta where contenido='Ambas funciones comunes para el perceptrón multicapa son:')),
('Continuas', True, (SELECT id from evaluaciones_pregunta where contenido='Ambas funciones comunes para el perceptrón multicapa son:')),
('Ninguna', False, (SELECT id from evaluaciones_pregunta where contenido='Ambas funciones comunes para el perceptrón multicapa son:')),
('1 es binaria y la otra es continua', False, (SELECT id from evaluaciones_pregunta where contenido='Ambas funciones comunes para el perceptrón multicapa son:')),
('[0,1]', False, (SELECT id from evaluaciones_pregunta where contenido='Rango de valores en función tangente hiperbólica:')),
('[0,2]', False, (SELECT id from evaluaciones_pregunta where contenido='Rango de valores en función tangente hiperbólica:')),
('[-1,2]', False, (SELECT id from evaluaciones_pregunta where contenido='Rango de valores en función tangente hiperbólica:')),
('[-1,1]', True, (SELECT id from evaluaciones_pregunta where contenido='Rango de valores en función tangente hiperbólica:')),
('[0,1]', True, (SELECT id from evaluaciones_pregunta where contenido='Rango de valores en función sigmoidal:')),
('[0,2]', False, (SELECT id from evaluaciones_pregunta where contenido='Rango de valores en función sigmoidal:')),
('[-1,2]', False, (SELECT id from evaluaciones_pregunta where contenido='Rango de valores en función sigmoidal:')),
('[-1,1]', False, (SELECT id from evaluaciones_pregunta where contenido='Rango de valores en función sigmoidal:')),
('No supervisado', False, (SELECT id from evaluaciones_pregunta where contenido='El entrenamiento del perceptrón multicapa es de tipo:')),
('Semi-supervisado', False, (SELECT id from evaluaciones_pregunta where contenido='El entrenamiento del perceptrón multicapa es de tipo:')),
('Supervisado', True, (SELECT id from evaluaciones_pregunta where contenido='El entrenamiento del perceptrón multicapa es de tipo:')),
('Ninguna de las anteriores', False, (SELECT id from evaluaciones_pregunta where contenido='El entrenamiento del perceptrón multicapa es de tipo:')),
('Propagación', False, (SELECT id from evaluaciones_pregunta where contenido='¿Cómo se llama el algoritmo de entrenamiento del perceptrón multicapa?')),
('Anti propagación', False, (SELECT id from evaluaciones_pregunta where contenido='¿Cómo se llama el algoritmo de entrenamiento del perceptrón multicapa?')),
('Retropropagación', True, (SELECT id from evaluaciones_pregunta where contenido='¿Cómo se llama el algoritmo de entrenamiento del perceptrón multicapa?')),
('Semipropagación', False, (SELECT id from evaluaciones_pregunta where contenido='¿Cómo se llama el algoritmo de entrenamiento del perceptrón multicapa?')),
('Serie de cálculos para el ajuste de pesos y umbrales de la red', True, (SELECT id from evaluaciones_pregunta where contenido='¿En qué consiste el algoritmo de retropropagación?')),
('Serie de cálculos para el ajuste del número de neuronas', False, (SELECT id from evaluaciones_pregunta where contenido='¿En qué consiste el algoritmo de retropropagación?')),
('Serie de cálculos para el ajuste del número de capas', False, (SELECT id from evaluaciones_pregunta where contenido='¿En qué consiste el algoritmo de retropropagación?')),
('Ninguna de las anteriores', False, (SELECT id from evaluaciones_pregunta where contenido='¿En qué consiste el algoritmo de retropropagación?')),
('Maximizar el error y acercarse lo más posible a la salida deseada', False, (SELECT id from evaluaciones_pregunta where contenido='¿Cuál es el fin del algoritmo de retropropagación?')),
('Minimizar el error y acercarse lo más posible a la salida deseada', True, (SELECT id from evaluaciones_pregunta where contenido='¿Cuál es el fin del algoritmo de retropropagación?')),
('Poner el error en 0 y tener exactamente la salida deseada', False, (SELECT id from evaluaciones_pregunta where contenido='¿Cuál es el fin del algoritmo de retropropagación?')),
('Ninguna de las anteriores', False, (SELECT id from evaluaciones_pregunta where contenido='¿Cuál es el fin del algoritmo de retropropagación?')),
('Se toma una entrada del conjunto de entradas de entrenamiento, y se propaga hacia la salida', False, (SELECT id from evaluaciones_pregunta where contenido='El primer paso del algoritmo de retropropagación es:')),
('Se evalúa el error cuadrático', False, (SELECT id from evaluaciones_pregunta where contenido='El primer paso del algoritmo de retropropagación es:')),
('Se inicializan aleatoriamente, y con valores cercanos a cero, los pesos y umbrales', True, (SELECT id from evaluaciones_pregunta where contenido='El primer paso del algoritmo de retropropagación es:')),
('Se evalúan los nuevos pesos', False, (SELECT id from evaluaciones_pregunta where contenido='El primer paso del algoritmo de retropropagación es:')),
('Se toma una entrada del conjunto de entradas de entrenamiento, y se propaga hacia la salida', True, (SELECT id from evaluaciones_pregunta where contenido='El segundo paso del algoritmo de retropropagación es:')),
('Se evalúa el error cuadrático', False, (SELECT id from evaluaciones_pregunta where contenido='El segundo paso del algoritmo de retropropagación es:')),
('Se evalúan los nuevos pesos', False, (SELECT id from evaluaciones_pregunta where contenido='El segundo paso del algoritmo de retropropagación es:')),
('Se inicializan aleatoriamente, y con valores cercanos a cero, los pesos y umbrales', False, (SELECT id from evaluaciones_pregunta where contenido='El segundo paso del algoritmo de retropropagación es:')),
('Se evalúa el error total cometido por la red', False, (SELECT id from evaluaciones_pregunta where contenido='El tercer paso del algoritmo de retropropagación es:')),
('Se evalúa el error cuadrático', True, (SELECT id from evaluaciones_pregunta where contenido='El tercer paso del algoritmo de retropropagación es:')),
('Se evalúan los nuevos pesos', False, (SELECT id from evaluaciones_pregunta where contenido='El tercer paso del algoritmo de retropropagación es:')),
('Se inicializan aleatoriamente, y con valores cercanos a cero, los pesos y umbrales', False, (SELECT id from evaluaciones_pregunta where contenido='El tercer paso del algoritmo de retropropagación es:')),
('Se evalúa el error total cometido por la red', False, (SELECT id from evaluaciones_pregunta where contenido='El cuarto paso del algoritmo de retropropagación es:')),
('Se inicializan aleatoriamente, y con valores cercanos a cero, los pesos y umbrales', False, (SELECT id from evaluaciones_pregunta where contenido='El cuarto paso del algoritmo de retropropagación es:')),
('Se evalúa el error cuadrático', False, (SELECT id from evaluaciones_pregunta where contenido='El cuarto paso del algoritmo de retropropagación es:')),
('Se evalúan los nuevos pesos', True, (SELECT id from evaluaciones_pregunta where contenido='El cuarto paso del algoritmo de retropropagación es:')),
('Se evalúa el error total cometido por la red', False, (SELECT id from evaluaciones_pregunta where contenido='El quinto paso del algoritmo de retropropagación es:')),
('Repetir pasos 2,3 y 4 para todos los datos de entrenamiento', True, (SELECT id from evaluaciones_pregunta where contenido='El quinto paso del algoritmo de retropropagación es:')),
('Se evalúa el error total cometido por la red', False, (SELECT id from evaluaciones_pregunta where contenido='El quinto paso del algoritmo de retropropagación es:')),
('Se evalúan los nuevos pesos', False, (SELECT id from evaluaciones_pregunta where contenido='El quinto paso del algoritmo de retropropagación es:')), 
 ('Se evalúa el error total cometido por la red', True, (SELECT id from evaluaciones_pregunta where contenido='El sexto paso del algoritmo de retropropagación es:')),
('Se evalúan los nuevos pesos', False, (SELECT id from evaluaciones_pregunta where contenido='El sexto paso del algoritmo de retropropagación es:')),
('Se evalúa el error cuadrático', False, (SELECT id from evaluaciones_pregunta where contenido='El sexto paso del algoritmo de retropropagación es:')),
('Repetir pasos 2, 3 y 4 para todos los datos de entrenamiento', False, (SELECT id from evaluaciones_pregunta where contenido='El sexto paso del algoritmo de retropropagación es:')),
('Se evalúa el error total cometido por la red', False, (SELECT id from evaluaciones_pregunta where contenido='El séptimo paso del algoritmo de retropropagación es:')),
('Repetir pasos 2, 3, 4, 5 y 6 hasta tener un mínimo del error total', True, (SELECT id from evaluaciones_pregunta where contenido='El séptimo paso del algoritmo de retropropagación es:')),
('Se evalúan los nuevos pesos', False, (SELECT id from evaluaciones_pregunta where contenido='El séptimo paso del algoritmo de retropropagación es:')),
('Se evalúa el error cuadrático', False, (SELECT id from evaluaciones_pregunta where contenido='El séptimo paso del algoritmo de retropropagación es:')),
('Mínimo global', True, (SELECT id from evaluaciones_pregunta where contenido='¿Cuál mínimo es mejor encontrar?')),
('Mínimo local', False, (SELECT id from evaluaciones_pregunta where contenido='¿Cuál mínimo es mejor encontrar?')),
('Cualquiera', False, (SELECT id from evaluaciones_pregunta where contenido='¿Cuál mínimo es mejor encontrar?')),
('Ninguno', False, (SELECT id from evaluaciones_pregunta where contenido='¿Cuál mínimo es mejor encontrar?')),
('Otro algoritmo de entrenamiento del perceptrón multicapa', False, (SELECT id from evaluaciones_pregunta where contenido='¿Qué es el early stopping?')),
('Un paso más del algoritmo de retropropagación', False, (SELECT id from evaluaciones_pregunta where contenido='¿Qué es el early stopping?')),
('Una manera de evitar el sobre-entrenamiento', True, (SELECT id from evaluaciones_pregunta where contenido='¿Qué es el early stopping?')),
('Ninguna de las anteriores', False, (SELECT id from evaluaciones_pregunta where contenido='¿Qué es el early stopping?')),
('Realizar el algoritmo de retropropagación', False, (SELECT id from evaluaciones_pregunta where contenido='Para realizar el early stopping, primero se debe:')),
('Escoger valores aleatorios para el conjunto de validación', False, (SELECT id from evaluaciones_pregunta where contenido='Para realizar el early stopping, primero se debe:')),
('Inicializar aleatoriamente los pesos', False, (SELECT id from evaluaciones_pregunta where contenido='Para realizar el early stopping, primero se debe:')),
('Extraer del conjunto de entrenamiento un subconjunto, el cual se denomina conjunto de validación', True, (SELECT id from evaluaciones_pregunta where contenido='Para realizar el early stopping, primero se debe:')),
('Para entrenar la red', False, (SELECT id from evaluaciones_pregunta where contenido='¿Para qué se utiliza el conjunto de validación en el early stopping?')),
('Para calcular el error de validación', True, (SELECT id from evaluaciones_pregunta where contenido='¿Para qué se utiliza el conjunto de validación en el early stopping?')),
('Para nada', False, (SELECT id from evaluaciones_pregunta where contenido='¿Para qué se utiliza el conjunto de validación en el early stopping?')),
('Para calcular los nuevos pesos', False, (SELECT id from evaluaciones_pregunta where contenido='¿Para qué se utiliza el conjunto de validación en el early stopping?')),
('Después de cada entrada de datos', False, (SELECT id from evaluaciones_pregunta where contenido='¿Cuándo se debe calcular el error de validación del early stopping?')),
('Después de medio epoch', False, (SELECT id from evaluaciones_pregunta where contenido='¿Cuándo se debe calcular el error de validación del early stopping?')),
('Después de cada epoch o cierto número de epochs', True, (SELECT id from evaluaciones_pregunta where contenido='¿Cuándo se debe calcular el error de validación del early stopping?')),
('Después de que los datos pasen cada capa', False, (SELECT id from evaluaciones_pregunta where contenido='¿Cuándo se debe calcular el error de validación del early stopping?')),
('Cuando el error de validación este disminuyendo', False, (SELECT id from evaluaciones_pregunta where contenido='¿Cuándo se debería detener el entrenamiento utilizando early stopping?')),
('Cuando el error de validación se mantenga igual con respecto a la última vez que fue calculado', False, (SELECT id from evaluaciones_pregunta where contenido='¿Cuándo se debería detener el entrenamiento utilizando early stopping?')),
('Cuando el error de validación aumente con respecto a la última vez que fue calculado', True, (SELECT id from evaluaciones_pregunta where contenido='¿Cuándo se debería detener el entrenamiento utilizando early stopping?')),
('Cuando el error de validación sea igual a cero', False, (SELECT id from evaluaciones_pregunta where contenido='¿Cuándo se debería detener el entrenamiento utilizando early stopping?')),
('Los del epoch anterior al aumento del error de validación', True, (SELECT id from evaluaciones_pregunta where contenido='¿Con cuales valores de los pesos se deja la red después de aplicar early stopping?')),
('Los del epoch con el cual el error de validación aumento', False, (SELECT id from evaluaciones_pregunta where contenido='¿Con cuales valores de los pesos se deja la red después de aplicar early stopping?')),
('Los del epoch siguiente al aumento del error de validación', False, (SELECT id from evaluaciones_pregunta where contenido='¿Con cuales valores de los pesos se deja la red después de aplicar early stopping?')),
('Los iniciales', False, (SELECT id from evaluaciones_pregunta where contenido='¿Con cuales valores de los pesos se deja la red después de aplicar early stopping?')), 